"","PROLIFIC_PID","1","2","3","4","5","6","7","8","9","10","11","12","13","14","15","16","17","18","19","20","21","22","23","24","25","26","27","28","29","30","31","32","33","34","35","36","37","38","39","40","41","42","43","44","45","46","47","48","49","50","51","52","53","54","55","56","57","58","59","60","61","62","63","64","65","66","67","68","69","70","71","72","73","74","75","76","77","78","79","80","81","82","83","84","85","86","87","88","89","90","91","92","93","94","95","96","97","98","99","100","101","102","103","104","105","106","107","108","109","110","111","112","113","114","115","116","117","118","119","120","121","122","123","124","125","126","127","128","129","130","131","132","133","134","135","136","137","138","139","140","141","142","143","144","145","146","147","148","149","150"
"1","60fdb346754e018cbca22ebc",30,37,12,71,63,99,63,14,41,79,43,60,30,67,68,71,53,34,27,38,65,56,64,64,76,56,21,62,79,52,21,59,74,37,63,65,27,67,81,63,33,26,69,70,64,35,23,78,67,73,16,68,63,76,40,63,15,57,72,77,26,24,68,21,83,8,73,58,64,64,26,64,26,27,42,86,36,27,52,29,87,67,33,30,75,71,70,31,66,70,31,31,84,32,68,73,56,17,7,30,35,56,62,3,87,67,68,78,59,99,14,62,62,41,9,38,19,79,82,24,61,76,24,60,70,57,4,53,67,66,82,64,94,67,82,78,55,71,30,31,62,65,37,41,8,21,64,71,63,12
"2","6415e163b670eed64ad645ff",54,16,54,12,42,47,25,45,4,86,5,17,21,2,2,3,29,24,14,63,2,19,17,21,42,0,7,33,20,6,15,65,23,9,11,2,17,48,50,36,2,3,42,39,46,12,59,11,42,42,14,74,34,39,13,48,3,20,9,60,80,17,4,57,27,9,9,25,44,26,5,7,16,2,5,34,40,9,7,21,46,12,11,28,45,14,29,37,10,38,40,44,17,5,7,16,6,7,4,62,16,8,14,6,94,7,41,48,34,36,12,11,23,47,11,32,8,85,46,5,31,33,10,62,42,59,13,14,24,46,23,35,43,26,8,50,20,30,29,26,22,51,40,11,9,8,54,67,40,13
"3","5dd43c63390fb6428d4974f0",100,68,100,88,99,100,54,39,100,100,47,100,52,100,75,66,100,77,58,53,61,100,100,56,55,100,88,66,100,72,44,100,67,65,52,58,47,100,81,68,68,64,60,88,100,100,87,44,53,100,77,64,61,100,100,83,42,55,100,63,64,54,70,79,55,31,55,61,54,100,40,43,39,61,64,84,56,45,63,44,100,73,71,67,90,67,65,87,56,60,40,54,78,100,39,39,53,37,38,67,36,90,63,40,80,69,71,83,40,100,39,77,60,42,74,89,40,87,80,51,62,73,40,58,40,100,37,54,56,69,85,61,56,56,55,65,40,45,43,100,76,100,43,53,42,86,66,73,54,44
"4","65510faa7f1a8b75b43a44ca",68,57,99,53,96,63,91,42,99,75,50,32,52,87,31,16,83,71,50,37,58,88,66,24,29,68,80,85,20,45,32,80,16,41,66,49,70,41,68,62,43,27,71,92,72,100,97,34,51,80,82,76,71,58,49,56,40,59,34,89,71,71,32,38,43,42,71,54,75,99,47,51,66,34,21,57,80,24,38,67,50,54,96,67,92,33,55,97,60,63,11,48,36,98,46,42,34,22,11,62,31,97,18,48,85,21,58,91,52,60,40,44,34,11,58,83,53,69,70,19,53,71,60,23,30,72,25,15,20,35,89,30,34,42,20,84,31,52,45,98,39,66,34,31,49,92,59,83,25,43
"5","655fdb5fd3416866732de4e7",57,65,69,66,65,80,70,43,72,66,62,60,47,61,60,64,59,63,71,44,66,42,60,60,44,58,59,41,63,41,52,63,70,46,68,52,40,70,67,60,44,40,69,64,66,75,68,74,58,37,63,63,44,58,52,63,35,58,63,65,60,66,58,61,65,37,47,65,43,67,34,64,43,42,67,60,68,32,60,42,76,66,64,61,62,65,55,60,63,67,34,40,62,62,64,55,56,34,34,44,64,66,64,34,63,62,59,62,34,65,34,66,67,62,64,63,41,57,70,41,65,61,38,64,57,58,30,63,61,63,67,41,66,70,60,65,61,63,37,76,63,63,38,70,33,66,60,72,58,32
"6","63a3375101319bb7cb39f654",55,63,81,76,60,80,72,54,22,99,65,55,52,44,51,48,33,70,60,61,57,66,60,31,63,34,91,65,54,64,82,67,72,63,53,17,65,70,74,62,27,73,62,74,91,33,60,57,31,68,63,57,68,68,34,63,60,42,51,74,69,55,50,41,71,54,23,66,66,34,57,43,41,33,56,66,59,56,41,60,76,37,52,70,75,55,75,58,50,89,70,61,84,21,53,20,81,48,65,63,41,24,46,51,96,50,59,59,59,78,55,65,52,20,59,33,76,97,57,22,50,63,49,60,60,68,54,49,35,55,86,61,80,97,23,97,46,58,81,20,52,74,80,43,63,49,83,55,20,49
"7","60714361f47701ab73535ae8",41,70,36,63,75,96,90,33,71,54,53,64,59,43,71,38,72,86,60,13,62,52,91,23,39,76,18,32,61,33,33,31,23,42,75,47,39,86,91,21,31,36,67,30,64,70,28,58,31,68,16,40,29,94,70,58,56,36,66,58,26,60,27,45,79,27,41,45,52,73,43,3,8,23,36,56,36,9,31,25,89,39,68,57,19,48,26,30,66,41,16,28,78,64,17,31,57,28,60,57,22,64,62,24,61,42,42,58,44,94,34,54,43,26,29,63,24,70,67,55,39,42,60,64,27,71,31,37,20,52,43,41,71,35,32,38,18,58,28,82,18,60,46,40,19,60,29,62,34,26
"8","64664bc615dd4139df276075",81,68,81,62,73,70,78,77,65,71,58,59,62,42,44,61,60,54,69,66,68,72,84,68,62,58,60,59,57,89,56,75,67,66,51,54,48,61,67,55,46,65,81,61,63,64,63,63,68,77,71,68,72,74,45,71,78,56,53,68,58,71,64,60,69,75,48,77,79,56,61,71,64,60,52,63,58,61,59,56,67,48,55,77,65,49,65,46,72,60,63,61,58,55,57,51,64,63,68,51,66,56,55,66,69,59,55,61,57,67,69,74,88,61,69,60,66,71,66,57,46,71,65,68,75,75,74,58,54,66,53,56,54,62,47,59,71,59,60,47,55,77,67,55,63,66,63,69,53,71
"9","5dc5bd296a8a334443fbf216",77,99,95,83,85,96,98,81,78,98,76,87,76,91,75,67,90,75,97,62,90,86,69,70,87,78,89,77,68,91,83,100,97,88,94,89,94,94,99,84,95,75,89,90,87,67,79,73,72,91,85,87,83,72,78,93,83,85,76,75,74,80,82,81,98,94,76,84,77,90,64,77,90,68,80,82,68,84,68,76,77,76,84,89,88,68,66,72,77,79,71,68,87,62,71,64,77,74,88,74,84,79,73,68,84,75,77,78,67,70,68,85,72,74,69,79,70,79,80,76,82,78,72,92,69,81,82,67,72,90,84,71,82,68,63,61,77,68,74,68,57,91,65,75,95,80,84,73,71,81
"10","610842f58a24a351465246d7",91,78,87,91,55,100,81,86,80,78,63,92,97,99,63,73,100,74,86,29,100,52,74,81,83,97,59,80,54,54,98,50,99,88,100,72,45,69,67,100,99,69,93,83,47,65,87,78,68,43,55,27,85,60,87,56,69,60,56,56,71,88,97,100,97,73,76,33,40,85,81,31,34,53,52,45,71,72,98,29,100,97,100,78,69,62,30,83,86,31,55,45,94,67,43,61,29,78,73,70,68,84,50,73,91,84,46,66,47,97,88,46,76,73,39,82,63,43,75,69,53,93,33,49,54,33,48,64,94,43,89,45,68,33,63,19,52,72,46,33,25,8,35,34,80,52,41,60,69,62
"11","5b87e73d53303600015ea51c",52,54,70,56,49,71,66,66,54,67,63,64,71,78,56,73,77,54,78,59,68,55,81,57,56,81,61,70,71,65,48,66,66,58,83,48,52,73,59,52,65,64,68,67,54,62,67,64,58,50,56,59,61,67,76,61,74,49,69,70,60,74,69,61,67,68,64,66,59,76,70,56,50,58,65,60,59,65,59,57,68,64,71,64,67,68,69,65,73,55,60,61,73,69,48,59,76,72,66,54,66,62,52,75,71,62,53,57,56,79,59,74,65,64,56,70,60,49,73,64,72,54,53,58,47,49,75,70,68,68,66,54,62,73,62,71,53,71,52,68,53,52,69,69,60,70,69,55,62,76
"12","559052f3fdf99b3f7aada553",38,68,89,27,60,66,91,78,69,32,77,53,93,66,41,88,82,68,71,22,62,35,71,64,58,85,66,62,65,81,78,57,76,70,87,66,42,82,67,75,62,83,85,76,20,68,81,81,86,38,74,28,70,88,84,77,68,19,85,56,58,79,56,77,69,81,77,73,64,79,70,60,33,67,80,57,18,80,65,37,80,60,80,71,70,82,46,83,94,16,64,77,87,90,75,69,66,82,86,33,76,77,19,83,19,74,23,64,55,87,67,80,92,85,82,78,65,11,84,80,84,79,23,75,86,30,87,69,78,63,81,67,79,58,74,8,73,84,49,60,38,21,65,17,78,75,60,58,76,78
"13","5c2965d11c8e4c0001b309b7",100,95,100,95,85,100,100,100,85,100,80,95,80,100,85,90,100,100,100,90,95,100,95,70,90,90,100,100,80,100,85,100,85,85,100,100,40,95,100,70,65,85,100,100,95,85,100,95,60,100,100,95,90,95,95,100,90,70,90,100,100,100,90,90,100,85,100,95,85,100,85,75,40,45,90,100,100,85,60,85,95,90,100,90,100,85,100,100,95,95,85,95,100,95,75,95,100,85,95,100,80,100,85,85,100,80,85,95,95,100,80,95,85,80,100,95,90,100,100,70,90,60,40,95,75,100,95,85,90,95,100,80,100,100,100,100,75,95,95,95,85,100,95,85,95,100,100,95,70,95
"14","64ebaee7299cd319130bad92",56,50,62,57,61,81,66,46,44,55,45,53,50,59,53,53,55,49,52,47,57,44,56,47,44,49,51,48,65,58,49,50,51,45,69,38,52,59,52,51,47,55,60,57,59,43,57,50,53,53,49,54,44,70,48,53,45,55,63,51,46,52,45,48,55,49,51,48,45,57,47,51,57,45,44,64,62,45,46,59,77,49,49,53,44,63,51,51,56,52,45,43,54,43,43,38,48,39,40,46,53,54,53,46,56,50,52,61,44,76,44,58,49,50,52,49,43,60,55,46,55,60,45,52,41,50,49,52,46,48,50,47,52,49,43,53,48,53,43,45,49,48,44,53,44,56,48,63,42,42
"15","60fde74940100db428b34a06",40,50,55,50,60,69,50,45,70,60,45,50,45,65,45,50,60,55,45,50,44,55,60,55,47,70,50,55,40,50,40,50,50,40,60,50,45,70,45,44,50,40,45,61,57,70,70,45,60,60,45,55,45,60,70,56,45,50,50,50,45,61,44,59,45,44,50,51,44,65,45,55,43,60,60,55,55,45,56,50,70,61,50,50,65,53,51,70,44,56,42,43,60,75,40,57,54,45,43,50,52,66,45,44,65,51,55,55,44,67,44,52,43,44,51,70,40,55,61,58,61,52,45,56,43,53,41,51,62,59,64,54,60,51,58,61,63,52,40,76,56,55,40,50,43,66,42,59,67,40
"16","63403b47287756c1978d2985",70,71,82,74,60,17,83,77,70,75,59,52,38,54,60,61,66,73,82,60,66,32,59,82,86,78,69,76,50,68,74,76,68,83,29,47,53,78,66,38,69,77,76,70,51,48,53,51,66,63,84,81,57,72,73,66,37,63,82,41,77,62,31,69,69,84,70,74,70,36,27,74,69,82,72,65,51,58,41,69,38,59,32,55,96,64,77,71,88,64,74,61,77,69,71,82,63,88,79,72,81,77,50,53,92,86,77,80,50,81,77,61,79,75,76,64,98,81,41,68,67,66,84,80,81,80,60,84,79,78,76,64,82,83,47,55,43,78,63,87,31,52,76,60,83,51,89,70,68,51
"17","63fcb3abff7248e2177ddb48",100,52,92,89,66,100,92,74,90,100,92,92,81,99,35,53,87,82,74,60,69,71,46,67,62,78,29,45,55,36,76,100,59,92,100,29,100,68,50,70,44,100,82,86,100,65,100,91,51,55,27,83,89,76,73,50,59,73,57,100,95,98,77,77,62,90,43,67,93,75,39,35,96,45,47,75,85,34,76,83,52,60,95,44,68,44,86,93,87,79,83,93,58,75,84,24,47,82,66,90,49,70,96,49,96,64,97,85,82,94,48,80,91,62,97,52,81,82,54,28,71,81,96,48,92,94,45,58,62,47,59,71,50,70,34,90,43,89,86,68,88,84,91,54,71,93,90,64,50,49
"18","62bbcce64f644bd5698c9422",28,11,79,51,91,44,72,10,21,92,38,51,79,10,47,5,82,70,26,32,51,6,10,8,9,14,2,3,41,10,6,79,30,46,73,8,35,21,58,55,3,46,78,2,35,8,74,9,5,10,2,29,20,10,8,3,7,15,8,74,83,83,7,21,47,56,7,16,3,19,6,2,9,12,2,54,5,5,15,9,15,9,79,11,6,6,52,14,60,31,51,38,3,3,8,6,11,6,3,80,5,5,6,7,59,7,9,66,15,13,8,6,8,5,9,5,36,78,10,5,9,8,35,11,7,5,7,5,10,8,11,11,50,51,3,54,10,57,21,10,15,12,32,8,31,77,45,70,8,11
"19","653d552eb6d4d4f047567fa1",70,33,68,64,88,63,70,76,92,90,92,67,54,80,76,84,58,60,80,45,69,76,92,63,62,70,59,74,89,88,73,76,70,37,73,57,70,67,71,31,48,80,85,73,78,73,59,68,62,80,55,81,62,80,61,82,81,57,86,67,48,64,74,66,52,72,69,75,40,75,69,56,44,66,65,64,63,67,52,58,67,56,70,85,60,77,79,56,73,82,51,50,58,69,49,61,59,55,81,58,58,80,64,63,72,60,65,59,60,78,85,70,70,64,55,76,50,87,58,57,64,64,60,68,50,57,70,56,66,86,78,46,56,66,66,74,55,77,52,78,73,71,52,78,64,72,63,52,64,82
"20","6119d9f5a882080ef1c9e9e6",68,61,31,49,49,100,35,33,51,51,47,77,51,51,47,54,66,47,33,70,94,75,90,41,50,76,64,49,49,48,67,52,47,49,50,68,69,48,88,50,67,46,70,60,51,48,27,52,69,53,63,72,65,52,45,63,72,41,60,48,46,39,54,64,51,54,54,67,56,52,48,51,48,53,52,62,48,71,43,40,39,48,48,64,49,52,47,29,48,53,49,54,70,47,49,51,54,50,51,69,49,46,60,54,63,64,66,50,55,60,63,63,44,49,50,70,49,47,65,49,56,54,60,52,48,66,46,59,42,75,65,48,63,48,61,62,63,51,56,56,54,55,48,51,59,36,54,64,50,71
"21","62348c41368404b2ade8312b",79,79,81,86,81,86,80,80,74,86,68,75,76,74,61,75,79,78,66,80,59,86,79,74,67,82,73,77,79,73,70,84,84,75,88,79,67,74,76,71,83,81,71,87,84,84,74,69,77,79,68,84,69,78,83,76,64,66,64,66,71,78,66,82,76,66,82,65,70,82,70,70,69,81,69,77,84,62,71,74,71,74,75,70,86,73,79,84,68,84,66,61,75,87,63,84,71,65,63,75,71,86,75,64,84,74,79,79,66,88,70,77,68,74,68,89,69,86,74,80,74,80,68,80,67,76,63,69,86,77,87,73,80,81,77,90,72,72,66,90,82,79,64,75,60,74,70,89,86,62
"22","5c9b11249cd82b00174fd7ad",60,35,34,64,50,51,70,76,4,65,66,60,51,9,40,64,7,50,83,50,70,66,79,0,36,6,51,79,8,68,42,60,6,53,7,3,55,75,23,40,2,80,47,8,59,18,44,59,1,51,43,48,49,90,10,71,71,43,38,72,50,20,75,47,13,71,4,76,55,17,31,2,43,4,60,43,46,44,8,42,48,0,7,32,6,29,29,7,29,23,34,33,1,6,6,0,55,72,74,71,17,2,36,70,51,60,81,47,36,29,60,50,66,17,46,12,74,82,59,2,74,65,51,80,64,85,71,62,14,49,15,32,4,25,4,49,8,33,64,10,49,72,52,38,72,14,68,51,0,77
"23","600735ac42969f1dbea8a16f",51,31,50,79,73,64,83,72,65,87,36,88,51,23,86,28,70,55,42,61,28,70,75,33,66,66,76,65,52,32,38,75,50,53,57,29,44,51,66,53,22,42,69,35,44,48,50,30,71,84,78,77,37,63,35,49,38,82,66,77,84,59,52,59,51,39,25,69,45,41,65,27,40,65,24,75,61,28,56,72,87,55,45,84,36,63,59,37,33,28,58,38,78,37,51,32,62,57,36,40,42,52,32,45,72,31,66,39,26,71,26,77,34,43,75,32,35,79,37,38,63,82,71,33,59,71,61,43,58,75,45,52,42,78,48,78,39,64,64,69,74,82,66,68,56,64,69,61,50,56
"24","6579cbad2b12085e66f84513",70,25,58,50,68,74,66,62,23,67,63,60,60,45,40,25,32,50,35,66,28,75,75,26,32,30,45,50,55,71,15,45,56,62,42,33,40,46,66,64,36,35,65,62,66,34,66,29,37,75,67,71,60,73,29,66,49,36,72,53,62,67,29,44,61,42,70,65,60,33,37,36,63,34,41,62,65,34,36,52,69,39,63,63,58,71,60,42,48,70,51,58,67,39,28,44,70,36,39,63,33,38,44,31,75,51,67,60,59,63,37,64,31,30,59,39,62,73,54,36,68,45,52,72,27,70,43,53,51,71,59,44,57,55,31,74,40,40,53,22,65,69,48,70,39,56,71,61,38,39
"25","5757a0d300ca3200072678fa",63,59,74,78,69,85,75,84,32,84,82,79,70,21,38,31,76,70,76,60,34,26,64,25,19,12,30,26,37,55,32,65,48,75,82,37,57,26,74,25,55,81,86,19,72,25,73,34,24,36,22,60,57,37,38,51,82,42,56,73,86,83,65,56,72,81,33,45,76,82,17,25,54,5,23,23,61,21,21,38,39,26,85,38,23,40,64,78,57,68,60,68,54,34,21,33,32,33,77,81,43,80,34,72,73,32,44,75,77,44,44,70,52,40,21,60,82,69,65,39,39,29,51,49,24,29,77,31,61,41,24,35,71,48,25,70,21,58,79,28,36,33,84,29,81,79,72,73,27,79
"26","55c7b92efdf99b5f0ead5d4d",73,77,85,71,74,87,74,89,76,72,73,75,72,75,69,62,71,66,74,71,59,85,77,60,67,71,84,73,66,83,68,76,76,75,85,64,72,85,77,50,71,66,65,72,82,83,87,68,62,80,76,65,57,87,63,61,73,70,64,76,87,89,63,63,83,71,61,80,65,87,57,60,39,67,63,67,73,56,65,50,93,72,97,62,57,66,74,71,79,66,62,68,64,72,53,64,76,53,55,65,56,89,64,64,63,70,72,78,53,92,63,61,70,47,67,69,60,70,68,64,70,55,44,71,56,74,67,68,69,65,62,57,72,74,51,67,52,68,59,84,54,87,57,74,62,100,90,82,45,58
"27","5de6eca0a91be366cbb5ffe2",95,72,95,93,97,96,85,63,96,97,87,92,63,75,81,77,73,88,64,83,72,84,82,80,76,95,70,58,70,76,83,80,90,70,96,70,72,96,96,84,70,73,92,82,94,95,97,90,82,88,66,86,77,85,85,78,64,90,87,96,84,95,62,93,98,47,54,71,86,98,58,60,67,69,76,91,98,54,84,72,98,93,90,86,73,78,79,90,79,93,87,78,94,94,81,50,71,60,53,90,79,87,91,64,98,82,96,96,81,98,58,93,93,75,53,96,82,96,95,63,71,89,69,80,90,71,67,81,84,75,68,66,97,80,64,96,62,87,89,92,93,76,83,87,55,98,93,97,66,66
"28","599eaf0fbfd73c00010ea24e",56,73,60,61,67,58,64,68,75,46,51,74,46,58,38,79,60,41,70,36,39,61,55,59,29,70,62,53,60,51,38,47,50,40,82,48,44,51,64,64,58,48,63,53,57,69,76,50,72,59,74,45,60,76,76,64,57,58,71,63,39,68,62,50,69,60,60,53,57,69,50,41,51,56,63,59,44,49,58,42,78,58,72,53,69,60,54,66,51,62,39,59,63,69,35,58,46,51,56,36,56,67,35,57,41,60,44,48,51,77,50,69,53,62,71,76,28,40,56,60,68,60,60,64,48,58,58,52,67,58,68,48,65,49,61,47,53,49,26,76,40,57,41,27,48,56,60,54,68,52
"29","5d2a49241d8d930001c263a7",71,64,34,71,70,82,52,26,35,61,28,62,65,63,59,50,37,47,40,51,50,28,86,45,47,40,36,49,61,43,39,72,66,31,71,61,32,47,81,50,56,48,41,72,76,41,33,45,35,51,36,67,41,82,31,61,38,50,61,74,23,44,51,69,71,49,60,66,41,61,41,51,62,39,49,37,76,48,39,63,77,45,56,67,72,67,79,29,45,60,49,37,69,33,42,60,76,48,35,22,50,55,58,37,75,52,68,29,35,81,45,74,43,64,43,50,23,76,58,48,80,61,65,60,38,44,37,57,58,69,86,44,72,79,62,67,58,44,35,35,61,49,15,52,48,51,76,49,32,39
"30","61083eff2ec30097bf53dc1d",87,65,87,47,67,93,59,28,26,81,60,85,28,82,18,39,72,39,27,47,38,33,31,31,22,75,12,27,64,64,25,70,82,21,80,38,61,64,72,48,22,66,54,63,76,25,83,37,31,24,18,64,21,27,72,39,27,27,37,70,68,81,52,61,85,35,24,60,63,78,31,23,64,17,38,61,82,27,23,32,79,69,70,72,74,33,63,75,40,71,32,19,66,33,31,23,25,24,31,76,16,80,19,21,79,41,67,65,31,85,19,73,28,23,17,73,76,78,76,25,59,59,68,28,24,23,26,73,80,22,74,41,74,29,18,81,24,26,24,25,44,19,28,26,22,78,68,73,30,33
"31","5f60fa0a0543ce036fa68ba0",65,50,65,65,55,85,70,50,55,65,50,60,60,60,60,55,65,60,65,65,55,65,60,55,50,60,60,50,55,65,55,60,70,55,65,55,70,65,65,75,55,50,60,60,70,65,70,55,60,65,55,60,65,65,60,55,50,65,60,60,55,65,55,55,60,55,60,65,50,65,55,55,55,65,60,60,65,55,65,60,65,60,60,55,65,60,60,65,60,63,55,70,50,65,60,65,60,50,50,60,65,60,60,60,75,60,60,70,70,75,50,70,55,60,60,60,60,75,65,65,55,60,60,65,60,65,50,60,55,65,55,55,60,60,60,65,60,55,55,60,65,65,55,60,50,65,60,65,55,50
"32","5ec5a705a9b68d5f1f482ce5",70,59,65,72,76,76,75,71,58,76,62,71,41,73,38,61,62,44,63,54,71,50,61,55,54,62,51,47,54,58,59,62,55,38,77,55,51,57,69,45,61,48,62,69,69,53,76,27,56,71,49,80,28,72,62,47,61,50,64,54,52,81,56,51,83,63,53,35,58,53,38,40,20,53,40,36,80,34,34,57,74,43,79,46,75,38,21,32,30,57,29,26,57,53,37,53,35,25,66,46,69,52,45,37,59,42,77,71,34,76,42,57,56,61,52,65,51,90,69,65,66,71,73,48,46,62,62,70,47,68,67,37,31,36,43,49,33,29,54,51,47,62,61,36,73,62,73,57,34,67
"33","65220979d69c80f0f6af18b4",90,90,85,90,85,100,95,90,100,100,85,95,85,90,100,95,100,85,100,85,90,85,100,95,90,100,95,100,100,100,90,95,90,95,95,90,80,95,100,85,100,100,80,70,70,100,80,95,85,85,75,85,80,80,100,90,90,80,90,70,30,70,90,70,100,90,85,85,80,100,85,80,20,90,70,70,45,80,50,75,90,80,80,85,30,100,85,75,85,20,30,25,100,100,70,75,85,80,90,30,80,100,45,80,50,90,60,65,40,100,85,80,95,85,70,80,20,70,80,95,90,60,20,70,80,55,75,75,50,60,50,60,85,80,65,35,70,90,30,100,35,35,35,50,90,85,70,35,40,70
"34","6401fab47eb81e7326152d8e",70,80,85,80,100,100,100,100,65,100,80,100,85,80,50,67,50,75,90,65,85,75,90,50,60,50,45,90,80,100,70,85,90,75,80,100,85,80,95,60,70,100,90,75,80,90,90,90,65,85,80,95,80,85,80,90,100,80,75,90,75,85,90,80,90,90,70,95,80,85,75,65,70,70,65,65,90,60,60,55,100,55,75,80,75,70,85,85,80,90,65,75,90,85,70,70,85,80,95,80,85,85,80,85,90,87,80,90,80,95,90,85,85,70,80,80,90,90,75,80,70,80,85,90,75,85,95,80,80,90,75,60,90,85,60,95,80,85,70,90,80,95,85,80,95,90,90,90,70,95
"35","61108741d56b5a068a41a2ac",77,79,72,75,67,82,83,78,86,76,79,81,75,90,79,82,81,80,82,83,81,79,81,83,80,78,76,74,80,86,72,78,77,73,75,78,74,82,84,80,86,76,75,80,79,75,84,74,77,74,79,79,74,77,79,76,78,79,69,77,73,73,74,75,76,78,81,74,78,76,76,77,79,80,77,77,81,78,73,75,76,78,76,74,75,75,71,76,76,75,75,73,74,70,78,73,75,74,72,77,74,72,77,75,77,73,76,76,75,76,74,73,77,69,79,76,76,78,81,73,73,76,76,73,79,71,71,75,80,76,71,79,74,75,76,78,74,75,77,71,80,74,75,71,80,77,71,74,72,79
"36","63d996f37c5b1b3053f8251c",44,74,74,62,67,61,81,78,28,83,53,54,66,75,56,36,40,58,64,60,41,48,39,18,38,22,37,45,60,66,45,60,51,66,68,33,69,59,74,40,35,42,60,69,71,19,71,51,29,50,34,64,50,48,31,39,63,46,41,47,72,67,46,56,78,71,26,63,57,33,37,30,50,20,33,41,56,41,28,49,68,40,39,41,67,30,27,49,58,62,57,35,53,21,28,25,38,53,71,61,54,31,48,52,76,39,60,56,42,56,58,39,39,25,28,19,74,80,64,26,48,37,48,50,41,43,70,45,40,50,67,51,47,44,28,63,48,49,65,21,54,52,51,48,59,52,54,48,25,59
"37","6409f226765c80e737f20aca",65,0,7,88,45,0,57,44,0,82,53,17,24,31,56,0,0,21,29,80,23,89,71,0,27,0,60,55,0,91,22,34,0,45,0,1,64,38,28,31,0,26,58,0,68,0,0,31,0,90,54,94,54,92,0,82,20,69,9,60,51,0,11,0,16,40,19,70,38,0,27,12,71,0,19,9,94,12,19,78,41,0,0,51,26,11,70,3,19,75,37,41,24,0,16,12,59,27,26,52,31,0,78,27,88,26,83,30,47,38,11,31,35,6,69,0,48,83,20,11,22,32,75,70,38,100,55,22,0,84,39,39,24,65,26,68,7,23,45,0,86,100,42,69,17,4,76,27,0,37
"38","60fe287fe9273c5712dbd045",61,64,85,68,86,100,100,100,74,100,60,100,100,55,53,81,98,93,100,68,81,56,94,86,59,85,38,80,100,40,50,94,75,64,100,33,41,68,100,43,94,84,100,56,100,69,100,100,69,71,28,69,62,79,79,65,100,64,100,81,100,100,72,68,100,72,39,73,60,87,72,48,39,60,82,92,100,76,56,40,100,72,100,100,63,73,71,100,100,87,58,60,100,83,59,28,87,79,100,84,61,95,82,100,95,87,59,100,72,100,83,100,93,59,18,100,63,84,99,97,100,91,59,81,68,58,86,66,74,79,64,64,94,85,38,61,60,100,78,87,61,68,75,70,100,100,87,100,60,100
"39","63936bad01efa1e55f6e149d",70,60,88,77,64,67,75,79,69,85,67,70,68,71,65,63,76,67,80,72,63,64,66,63,67,64,66,63,62,64,75,70,70,65,77,65,60,72,74,58,62,71,64,67,77,71,68,62,61,67,60,77,69,67,66,60,70,69,66,67,53,80,63,67,71,70,66,66,63,65,64,66,56,68,63,66,64,67,59,69,65,66,71,71,75,62,56,67,70,64,60,59,85,59,59,65,53,65,67,62,57,65,68,63,78,60,61,60,61,67,68,63,65,58,56,66,58,77,72,61,65,56,60,64,60,78,82,61,72,67,77,67,64,70,71,83,60,77,61,73,77,75,63,68,74,71,72,67,68,74
"40","632f16551c905f94e05945bd",64,37,59,56,54,67,62,65,33,70,53,65,44,45,47,25,44,34,46,54,35,50,34,43,40,24,61,51,38,48,55,56,42,66,61,54,48,34,56,45,39,63,55,46,57,50,51,36,46,42,56,51,52,37,31,51,48,38,45,56,48,50,43,30,43,55,43,35,46,45,31,25,43,31,35,33,56,38,29,43,61,34,47,47,43,51,46,46,55,50,40,52,45,47,40,41,29,43,51,44,43,44,46,53,55,50,37,41,53,50,53,44,31,48,52,32,47,50,41,31,46,54,50,43,51,51,49,32,34,37,48,35,55,42,34,53,35,47,43,43,45,52,49,43,44,44,47,46,34,51
"41","5d3cc9010e510a00013df6f6",70,71,71,67,70,74,67,63,70,70,66,73,61,67,70,70,64,65,59,69,65,70,70,65,61,71,64,67,72,70,63,73,70,61,78,66,63,76,63,70,63,75,71,62,71,74,66,70,75,76,69,72,68,75,73,70,68,59,73,73,60,74,68,73,75,69,66,76,69,71,62,68,62,64,73,70,70,65,72,69,78,74,73,71,71,67,71,59,70,68,64,64,67,66,65,70,70,66,62,66,65,66,70,65,70,71,72,69,63,78,66,70,59,73,62,77,66,67,73,67,72,67,71,73,65,63,65,69,70,75,70,62,72,70,62,67,67,70,58,64,70,69,59,63,60,72,68,61,62,69
"42","651c1abbc73b6eea8fa97193",67,69,83,100,100,94,86,72,72,100,78,74,72,69,68,70,78,85,90,83,70,70,86,84,67,71,63,70,72,79,70,79,72,67,100,68,61,83,100,69,68,64,83,87,95,82,95,75,73,84,67,86,74,86,79,75,70,67,84,87,80,100,80,80,100,65,74,79,71,74,72,70,71,71,71,74,100,74,68,79,100,73,100,81,83,68,82,100,87,100,69,75,100,86,75,48,75,72,73,81,68,100,73,66,100,85,87,93,75,100,51,90,81,72,69,79,68,84,84,76,49,69,70,72,39,76,64,58,81,58,77,49,100,74,56,100,48,83,47,76,60,49,61,44,40,100,74,82,81,60
"43","60fd5a99c4e4ead0c9a6fff4",60,45,62,71,58,75,62,47,69,62,24,52,54,63,20,30,34,35,40,55,36,66,36,27,47,43,25,50,63,58,35,50,52,38,62,32,57,41,38,30,31,24,51,52,80,61,71,30,26,44,18,76,37,29,26,66,31,25,43,81,32,67,22,59,54,44,37,47,48,56,35,21,68,27,30,69,71,35,26,59,21,27,66,25,31,14,17,54,32,86,38,43,24,30,21,18,36,26,23,29,49,10,15,31,84,16,62,67,37,18,21,48,28,24,13,32,49,70,72,14,28,34,61,32,26,71,36,36,64,41,38,35,29,46,29,77,34,41,46,59,67,72,48,34,35,68,51,62,18,48
"44","6533dcf30be32bb486a7a6b8",67,80,40,72,70,48,80,25,32,80,32,55,32,29,51,56,79,48,35,80,52,34,39,54,37,63,47,42,40,66,30,49,87,76,75,49,50,38,63,49,53,25,73,50,62,23,62,36,50,49,36,63,24,67,53,52,14,54,47,70,63,74,53,54,58,20,32,75,33,74,26,34,51,61,36,55,75,27,49,73,57,49,65,40,43,48,63,73,58,80,47,47,49,48,23,19,34,20,16,71,46,74,67,20,77,49,77,52,36,74,19,25,20,31,38,55,64,78,58,49,71,51,48,46,32,36,30,47,67,48,48,20,49,73,48,85,50,57,22,20,65,53,41,78,18,81,77,75,50,14
"45","56e5e6ef25f3bd000a40820c",65,58,60,59,58,61,62,55,58,59,59,60,66,60,57,64,61,62,58,62,60,58,54,58,56,63,64,62,60,61,60,64,59,60,66,59,55,59,60,61,54,60,57,53,55,65,57,59,61,65,58,59,54,61,61,56,58,56,52,51,58,56,59,61,54,54,57,54,51,60,57,50,49,55,60,50,52,51,58,50,60,61,57,51,54,57,54,53,57,54,55,55,55,57,58,54,56,61,56,58,56,57,55,55,57,59,51,56,54,59,57,60,54,59,61,51,62,59,57,53,57,57,50,59,57,56,54,54,51,55,56,48,58,57,51,49,62,54,44,51,50,51,46,58,52,56,50,48,53,49
"46","5c53a745db44c600010d7612",72,57,87,81,90,91,90,56,26,90,48,46,72,70,58,48,66,33,81,28,34,20,52,37,37,67,73,38,33,62,36,79,83,36,48,61,51,27,80,61,48,65,79,77,81,54,92,59,40,80,80,36,66,80,75,80,73,54,36,50,27,57,53,31,76,65,67,81,64,66,34,23,34,43,39,51,38,27,35,48,92,46,60,36,66,47,58,88,79,87,22,25,54,22,32,46,61,66,92,13,40,66,38,77,49,51,48,65,29,83,49,63,59,57,74,70,17,88,63,45,69,71,43,85,53,87,63,61,68,89,58,42,60,58,48,39,42,51,24,38,52,91,39,30,63,70,48,78,38,74
"47","652a11d7321be8262b1c6da9",79,49,91,87,47,74,83,78,53,89,85,31,86,75,79,75,82,87,82,87,88,82,63,56,91,43,76,77,52,80,48,89,78,81,83,33,84,81,78,78,45,71,74,95,85,41,55,41,91,91,89,95,85,48,56,49,55,92,45,88,81,75,94,73,87,47,48,55,87,86,48,47,49,50,51,80,84,84,81,96,75,50,91,90,50,50,89,86,91,92,88,82,54,45,46,38,46,60,95,98,47,41,98,79,97,93,95,74,91,95,50,80,80,51,97,39,78,84,49,42,51,87,93,50,55,80,93,93,88,85,98,96,79,94,49,91,50,95,95,96,90,94,89,90,56,94,95,95,44,93
"48","65182074ea1027b3193b5a60",80,80,80,86,80,85,80,80,85,85,80,80,80,90,80,80,80,80,80,85,80,80,85,80,80,80,78,80,80,80,80,80,80,80,80,80,80,80,80,80,80,80,80,85,85,86,80,80,80,85,80,85,80,85,80,80,80,80,80,85,80,80,77,80,85,80,80,80,80,80,80,80,80,80,80,80,85,80,80,85,85,80,80,80,85,80,85,80,80,85,80,80,85,85,80,80,80,80,80,80,80,80,80,80,85,80,85,80,80,85,80,80,80,80,80,80,80,85,80,80,80,80,80,83,80,85,80,80,80,80,85,80,85,85,80,85,80,80,80,85,85,80,80,80,80,80,80,80,80,80
"49","6298fbc8e35ae6800ccb3128",45,53,57,58,44,70,71,48,82,57,62,78,49,87,40,71,67,49,61,47,83,51,82,62,49,73,53,81,64,66,48,53,80,50,62,60,30,59,76,54,54,63,81,82,51,87,71,58,68,35,58,32,43,78,79,83,61,34,87,41,43,72,67,79,84,48,32,83,46,77,48,42,28,58,59,49,48,59,51,40,88,80,75,74,75,78,69,80,70,56,44,53,75,82,55,43,73,58,55,40,34,81,34,48,60,79,31,40,49,78,62,73,54,76,69,79,39,58,47,62,66,54,31,77,51,38,52,82,87,74,77,47,81,62,35,60,31,76,40,85,31,32,46,36,57,78,67,45,86,54
"50","6111a1cd4d05c461f45074be",67,62,74,77,81,90,79,78,50,91,78,80,72,68,76,80,50,67,73,54,79,22,80,82,25,85,56,73,84,75,86,82,76,81,83,58,33,64,69,59,62,75,64,76,68,67,61,71,73,31,33,64,52,62,67,69,57,70,69,77,69,71,64,63,67,69,74,70,70,67,63,63,31,53,72,65,61,59,61,73,82,60,61,53,73,67,74,71,77,66,73,68,69,76,69,68,74,79,72,71,82,63,62,73,68,75,49,71,73,71,61,73,76,80,40,67,75,40,67,64,72,69,32,70,56,40,70,69,69,60,74,63,49,76,72,65,65,72,64,71,40,38,75,42,69,75,55,63,65,80
"51","5dd78dc3238a9171fbd93f22",60,75,50,75,54,72,74,63,65,85,66,64,72,43,52,78,59,55,75,57,73,71,61,65,62,57,82,72,66,71,66,86,70,68,73,83,59,51,85,73,68,73,79,73,79,79,71,80,88,81,76,87,78,69,81,81,70,66,86,59,70,79,74,63,66,72,70,64,62,72,46,73,77,69,81,69,78,70,60,71,63,83,57,50,61,69,78,60,68,83,60,61,74,72,66,66,69,66,71,75,73,46,48,83,76,53,84,66,74,86,66,71,76,72,52,63,65,58,67,74,67,70,87,64,80,62,88,77,60,55,63,58,60,65,60,80,66,74,71,69,73,62,72,52,81,67,60,66,74,71
"52","6245c8c532cdc22633ecbf3f",90,71,79,95,91,94,95,93,88,92,78,85,90,70,83,74,86,78,80,84,92,86,93,82,80,79,93,81,89,92,68,89,89,82,78,78,89,81,85,81,75,95,92,69,97,87,70,75,83,90,89,90,87,87,73,76,91,84,77,89,87,72,74,87,75,94,72,92,81,75,61,64,71,64,68,83,96,78,73,77,92,78,69,71,71,68,74,64,78,96,73,77,73,80,73,69,56,81,81,89,71,78,80,80,96,65,87,92,81,80,69,74,74,75,83,71,85,92,70,64,81,77,85,75,62,91,83,62,71,62,63,67,70,68,65,95,63,62,78,74,83,90,77,88,84,83,67,96,71,81
"53","608db0d33c7ffc2af3600478",43,79,70,36,31,80,86,91,74,40,34,79,71,75,19,72,74,22,89,19,79,10,67,74,41,82,62,75,68,89,74,51,76,41,78,62,9,81,75,52,73,74,86,77,27,70,61,72,71,15,45,18,36,60,72,78,70,26,68,46,22,75,64,75,69,70,67,87,38,75,59,67,17,74,71,35,22,60,38,27,80,68,74,67,70,70,42,70,71,27,40,34,72,71,68,63,77,64,69,13,65,77,26,63,10,64,32,36,49,78,67,61,71,69,43,71,19,10,69,64,73,35,6,74,69,16,69,65,75,77,73,47,75,41,69,8,65,68,36,67,19,7,31,15,80,73,48,36,74,64
"54","628680b0d4bdb53d2edbeae2",70,35,80,73,60,80,40,64,49,75,56,52,53,53,45,49,47,44,57,57,78,68,71,32,50,32,79,67,25,84,38,53,70,24,71,24,49,61,59,28,19,71,50,31,72,54,74,48,39,85,57,55,41,83,20,76,38,36,36,23,44,81,49,18,51,34,10,71,59,68,23,9,14,4,49,27,59,25,31,32,87,17,44,60,30,13,51,55,52,61,31,30,22,57,32,5,44,70,46,40,14,50,44,31,65,29,64,46,43,82,55,52,58,26,60,37,46,77,43,6,19,54,34,57,26,66,37,21,30,59,46,42,46,44,15,55,23,35,35,41,53,72,43,38,38,62,46,40,33,40
"55","6101652deeafbb4a9f346388",29,78,73,78,74,73,47,74,66,71,15,71,89,77,8,80,78,29,16,50,76,32,68,73,70,86,78,75,78,22,69,64,76,34,75,72,32,59,78,53,85,25,24,86,26,77,100,74,79,13,20,39,16,78,77,79,14,94,83,16,13,72,72,82,72,22,80,23,28,79,32,31,13,85,75,18,83,97,24,7,74,81,84,83,95,93,64,100,60,34,6,15,90,84,38,74,79,20,57,17,87,84,29,75,67,88,22,13,15,89,79,90,84,81,84,88,16,87,32,80,74,51,28,81,35,37,72,70,91,79,81,23,92,75,71,76,23,79,18,78,27,25,10,20,75,75,72,24,81,72
"56","5a6ff39ef660ae0001a9837e",66,35,88,68,79,73,75,70,55,65,67,63,64,77,25,26,64,71,46,49,63,58,55,46,75,50,47,36,43,57,60,63,46,57,69,36,54,72,69,48,37,38,73,78,50,63,73,56,59,60,46,76,58,60,52,62,45,53,50,58,73,81,50,57,62,41,41,54,67,70,34,29,60,33,59,64,59,55,53,57,59,51,79,50,68,29,72,86,67,69,69,65,67,64,48,36,38,29,47,80,34,82,27,45,54,50,67,79,68,69,57,63,68,62,45,62,70,77,68,35,45,66,52,65,50,59,37,41,54,60,67,59,61,59,40,61,27,76,64,69,62,61,59,32,34,79,68,82,56,43
"57","656e944f9e32236d84a2ac8c",99,55,48,73,42,81,72,41,64,77,71,70,86,92,97,71,84,48,64,81,55,34,78,39,47,71,40,64,70,72,57,100,97,57,97,76,63,72,52,52,73,44,74,90,70,76,90,64,57,72,41,94,74,76,69,89,77,79,43,57,41,99,61,42,41,72,73,39,76,80,71,59,41,69,47,61,99,43,72,65,100,73,79,89,91,58,76,44,63,93,65,68,59,87,36,67,74,45,68,71,61,89,68,84,84,38,82,60,56,98,60,91,73,65,34,51,45,70,47,75,63,76,40,68,65,71,59,43,66,73,85,54,72,80,75,83,63,53,42,88,82,64,63,82,41,100,84,57,73,71
"58","6107df8148ecfbfe09d2b1a4",50,30,69,52,50,66,60,37,62,62,16,49,61,66,28,43,36,45,34,65,26,55,69,53,48,57,54,53,60,51,72,55,59,39,43,61,28,56,80,36,38,38,41,58,40,49,50,30,46,44,52,56,55,47,43,57,22,53,20,37,41,44,44,53,38,29,57,27,40,41,26,31,46,39,34,51,50,28,46,50,50,44,39,40,56,47,54,45,31,57,27,31,48,55,33,42,42,43,36,24,38,39,40,23,62,48,45,48,20,48,36,48,30,30,44,38,15,55,22,50,30,31,48,49,42,49,23,34,42,41,39,30,41,43,45,51,32,30,25,47,45,43,19,35,29,23,45,36,43,27
"59","655f972d8bea916cc48144de",53,60,60,55,62,69,67,57,61,59,58,57,52,54,43,43,70,55,55,53,56,50,51,46,48,59,44,42,58,52,51,59,58,55,61,57,63,56,58,57,54,56,67,60,57,62,54,57,45,57,49,47,61,62,60,56,59,51,61,62,54,63,56,61,60,55,59,57,57,59,50,43,41,55,45,61,62,40,62,57,66,60,59,45,58,63,61,59,58,53,41,47,59,62,40,53,49,51,55,55,60,64,56,52,61,58,56,52,62,69,42,57,60,62,55,59,64,58,60,61,63,58,62,60,52,64,60,55,58,49,66,63,62,63,54,61,61,59,50,64,57,59,59,61,58,56,63,59,41,55
"60","610084c65949e85fa4ba83d7",47,46,59,67,31,61,61,53,53,81,56,70,62,50,40,43,67,40,34,37,32,35,52,25,20,46,42,28,24,48,31,60,62,42,79,50,32,48,75,38,35,58,47,52,60,44,63,47,33,37,43,63,54,55,42,40,49,28,37,58,71,75,24,42,81,46,51,36,64,56,41,34,52,32,53,38,54,51,45,48,68,41,80,60,26,19,61,59,49,63,52,38,72,45,20,41,27,30,52,76,34,73,28,50,73,29,34,63,30,65,49,60,34,41,50,27,39,67,59,45,45,60,41,59,29,34,49,33,53,48,38,36,68,40,41,55,32,45,47,40,32,30,48,34,60,76,56,55,42,52
"61","6100c53c97a1d59951d78b60",56,55,29,72,53,80,67,32,42,33,41,67,40,71,22,24,44,15,39,29,65,54,63,30,33,35,71,39,43,65,10,54,79,16,42,39,57,71,72,61,57,35,80,76,62,30,26,65,45,72,59,45,29,70,34,72,40,24,64,67,8,33,47,69,87,28,59,68,54,48,31,32,39,25,38,13,53,29,18,43,78,55,29,41,67,22,33,23,69,69,2,12,78,30,6,32,60,20,40,5,54,22,44,41,41,28,51,24,11,82,34,45,76,45,24,39,37,61,68,40,54,28,73,72,13,69,35,59,67,58,79,49,46,38,32,47,49,50,11,47,43,78,8,31,35,25,59,31,41,29
"62","641b75662ac773952a58da70",74,52,79,74,70,82,76,49,64,64,71,67,64,66,56,84,70,77,57,68,75,66,54,54,80,51,54,63,73,81,73,78,78,70,66,54,52,88,69,79,36,73,78,78,79,57,88,70,59,76,81,72,83,86,52,51,63,49,94,82,72,84,85,39,79,49,36,73,86,55,54,49,56,34,67,81,80,49,66,74,75,60,76,73,64,74,82,83,73,87,70,83,75,56,66,48,78,51,80,80,73,73,73,55,87,78,76,80,76,80,58,77,78,59,85,51,81,70,88,28,75,86,55,68,76,77,50,86,69,82,45,70,87,72,51,86,47,76,87,69,80,83,86,69,45,81,49,72,54,52
"63","6095904b3fb937367c62813a",7,57,34,22,56,88,63,40,47,60,32,60,56,40,55,37,35,50,13,0,11,69,83,28,25,32,38,50,55,77,64,46,38,55,55,64,1,39,61,47,25,27,30,47,28,57,52,48,40,58,49,32,45,84,32,52,36,34,64,42,25,59,48,39,62,32,53,56,43,51,32,59,17,47,35,35,34,29,36,16,80,46,33,62,36,48,44,44,40,15,27,37,77,34,35,51,56,21,35,47,63,46,46,35,28,48,33,66,31,83,42,65,62,36,52,48,52,46,35,46,83,69,13,79,48,61,39,70,40,75,42,50,65,38,49,27,70,31,39,44,40,65,43,33,45,42,38,50,35,35
"64","5dfda52097234ba7a779bea7",69,69,67,67,67,67,65,68,66,70,66,70,63,69,61,67,66,60,75,68,65,71,59,66,65,69,69,65,66,64,64,71,69,70,65,68,55,72,66,64,71,67,71,69,72,60,70,76,61,71,39,75,70,71,68,70,69,73,70,60,73,72,61,71,68,60,73,64,66,64,70,55,70,71,73,64,69,63,66,68,72,70,66,72,63,53,57,68,68,68,50,67,56,68,65,55,64,59,63,68,60,63,63,61,66,63,57,69,56,67,63,66,71,55,42,63,64,64,68,64,59,66,63,69,59,58,64,58,59,58,60,58,58,55,51,62,63,57,59,61,58,62,54,53,53,58,60,59,51,59
"65","610ae34ec0cc39cae86f9962",47,84,67,28,37,99,63,73,79,39,62,56,58,66,31,83,80,67,56,30,28,57,78,61,74,86,27,76,75,47,73,49,82,80,95,41,60,80,70,60,70,58,74,76,29,72,70,39,82,58,40,32,72,75,81,72,77,29,80,43,71,94,49,78,81,66,85,66,64,85,78,60,54,39,79,52,48,85,60,58,80,91,89,41,57,76,72,74,74,3,86,92,81,73,88,86,63,75,54,47,59,73,18,64,19,69,44,79,74,56,69,62,80,73,36,83,66,47,74,76,79,85,76,44,67,32,79,70,80,64,67,17,90,56,69,22,60,61,71,56,26,24,62,23,84,92,46,54,68,63
"66","610e0dc76d43ecb6fea93855",70,59,75,74,78,92,83,81,86,81,44,57,47,84,68,90,79,43,70,64,81,82,77,45,54,80,85,80,66,61,68,88,71,42,72,73,75,71,88,64,80,72,72,85,72,88,67,71,77,72,79,75,65,87,83,82,68,54,61,87,64,62,72,78,80,67,77,71,58,76,81,55,59,72,67,48,69,64,68,58,75,62,71,69,86,75,76,71,72,80,58,72,87,88,69,65,77,75,68,49,60,85,76,70,76,73,78,70,82,73,72,71,71,72,82,81,64,82,77,79,81,77,77,75,65,79,70,89,79,82,89,69,79,78,66,72,53,70,74,85,80,78,72,80,73,72,71,68,79,67
"67","63e1dbd6e3b024508cfb12e9",81,80,84,82,78,90,83,81,79,80,81,80,78,80,78,80,77,80,81,81,80,81,79,81,81,81,80,82,82,82,79,78,79,80,79,81,80,81,83,79,79,82,80,81,80,81,85,79,80,80,79,82,81,81,84,82,77,82,83,84,78,79,83,80,82,79,80,82,80,80,79,81,82,79,83,76,78,82,76,77,83,82,78,82,80,78,80,80,82,79,79,81,81,82,81,81,80,81,82,80,81,82,83,80,81,79,81,83,82,85,80,80,80,80,80,83,82,80,82,82,82,79,79,79,82,82,80,82,78,82,81,81,80,76,78,81,80,81,77,82,79,80,77,78,82,79,81,81,80,77
"68","60fd02da0a86e809c27e1814",73,58,60,50,56,91,90,82,90,72,52,54,74,24,63,55,80,39,59,37,84,24,73,86,72,85,71,68,78,53,46,81,60,73,68,49,39,79,86,45,62,60,85,38,61,75,54,87,78,55,53,60,57,72,71,62,65,70,63,79,50,71,63,65,86,61,28,67,51,86,50,56,30,71,69,70,69,53,47,67,85,73,75,52,38,83,56,65,85,64,56,55,69,90,37,50,77,51,58,55,54,77,80,48,78,61,70,51,55,83,39,71,66,57,72,74,50,64,68,79,64,45,47,64,63,70,44,73,67,72,43,64,72,82,40,85,58,86,50,92,94,40,68,83,50,90,84,53,76,48
"69","652439c39ee97cd651caf1d7",71,75,75,85,85,80,90,75,80,90,80,85,75,75,75,85,75,80,80,75,75,75,75,76,75,85,85,75,90,75,75,85,80,75,90,75,75,90,85,80,75,75,85,80,85,80,85,75,75,75,80,75,75,75,80,75,75,75,85,90,80,85,75,80,80,75,75,75,75,85,75,75,75,75,75,76,85,75,75,75,75,75,80,75,75,75,75,80,75,85,75,75,80,80,75,75,75,75,75,63,75,85,75,75,90,80,80,85,75,85,75,80,75,75,80,85,75,80,90,75,68,75,75,75,75,75,75,75,80,75,75,75,80,75,75,90,75,75,75,80,75,75,75,75,75,85,80,85,75,75
"70","5e70e4309b339b03acc24159",80,75,70,70,70,85,60,60,70,75,60,70,55,70,45,65,60,60,60,60,65,80,85,50,55,50,80,70,80,80,60,65,65,45,60,40,45,50,65,50,50,60,60,60,75,75,70,55,60,85,85,65,50,85,60,60,55,55,80,70,50,60,60,60,75,65,50,80,60,65,45,45,50,55,60,50,70,55,45,75,80,60,65,75,65,65,75,65,50,75,50,50,60,60,45,40,75,60,50,50,55,65,45,55,75,60,75,65,55,80,60,75,50,60,85,50,50,70,60,60,70,60,50,80,45,85,60,65,65,80,65,45,65,65,50,65,50,65,50,65,60,85,50,45,50,65,70,60,55,60
"71","611c5e40b04f7302ae826235",73,75,82,76,75,74,73,83,72,78,71,81,76,85,49,74,70,61,77,82,64,74,77,64,70,67,48,69,83,60,61,70,78,71,82,65,56,65,86,64,56,67,78,79,78,67,81,71,69,68,60,67,67,73,74,74,75,63,73,75,66,80,63,74,83,74,64,63,73,77,69,66,60,53,60,66,80,69,61,68,80,72,77,68,71,67,67,70,62,79,57,61,79,75,52,64,56,68,68,60,68,77,59,84,80,76,65,67,67,81,68,69,67,71,72,68,66,72,72,72,72,60,58,65,55,72,82,78,72,63,75,56,74,64,67,75,66,60,58,67,65,71,66,62,71,77,70,65,65,68
"72","6020a97ae790606e1add320d",32,39,42,37,36,81,51,71,19,24,42,42,63,5,60,46,30,31,24,2,34,5,52,13,21,37,16,2,26,16,37,56,32,50,59,9,93,42,42,10,4,38,62,11,39,35,30,47,12,14,28,42,57,62,45,19,46,48,50,48,50,41,60,20,67,44,6,26,38,32,23,23,40,20,34,9,15,42,20,31,32,22,44,16,4,27,17,15,50,20,26,49,23,16,51,10,20,59,52,38,51,48,46,49,16,41,53,8,48,74,45,27,49,8,28,20,61,15,44,20,52,24,80,16,58,5,51,80,48,10,10,43,26,27,15,13,53,52,70,26,44,20,65,49,61,47,41,15,16,71
"73","610b679457bee69e470c1b0d",90,38,100,60,100,88,69,49,100,80,40,81,65,70,10,86,100,65,51,60,62,40,20,60,30,75,50,0,80,38,32,76,86,30,100,30,50,75,100,65,61,50,74,50,72,95,100,30,34,50,79,64,29,99,67,28,52,27,63,67,18,82,35,76,79,44,51,61,51,87,28,36,25,58,78,82,81,18,67,79,84,78,100,75,29,54,99,73,46,90,17,65,67,78,22,38,50,47,45,24,64,89,22,25,94,56,74,88,6,74,24,71,87,29,82,58,28,70,67,55,59,70,47,34,22,91,30,48,94,58,35,42,77,68,55,77,58,79,57,100,67,73,64,51,48,100,70,99,55,40
"74","63616640b17046286153dad8",32,38,70,70,82,65,35,40,69,72,42,54,42,40,42,35,60,52,38,53,44,58,48,40,44,34,38,32,44,59,48,72,47,37,59,31,30,47,84,49,33,40,23,59,79,70,71,43,59,59,46,56,40,69,64,61,37,59,48,73,44,76,69,52,78,31,34,60,36,47,28,32,31,27,33,69,71,34,36,41,77,55,52,38,57,41,67,65,53,69,32,35,56,80,31,26,56,22,30,51,40,48,45,28,75,56,42,50,41,83,25,64,39,57,39,55,40,72,30,37,38,45,26,39,43,63,31,70,51,59,47,45,64,71,33,67,38,45,44,73,44,56,36,46,33,67,76,72,47,32
"75","5a5ec648eedc32000142ce86",83,70,100,88,100,100,100,94,88,100,91,81,75,98,73,100,100,93,99,87,99,90,78,69,87,93,99,91,70,89,85,100,90,81,100,77,88,95,100,90,64,100,100,93,92,87,100,95,92,84,100,93,100,99,93,100,90,79,67,100,86,99,62,91,92,99,85,91,90,93,80,77,89,70,85,94,96,91,90,84,100,100,95,89,98,88,100,100,100,97,90,88,99,88,84,74,93,100,100,96,82,90,96,94,100,82,93,100,100,100,96,98,100,79,99,95,97,99,99,70,90,100,97,81,95,96,100,73,99,100,100,100,100,100,73,100,85,99,96,88,98,95,93,94,100,100,100,100,90,100
"76","655bff983e4e25b41dacae2e",73,47,60,48,37,65,65,38,69,39,60,84,63,56,77,37,46,50,37,54,50,43,60,52,43,43,65,61,64,60,34,77,55,28,53,51,56,55,56,39,37,65,52,66,55,75,43,40,61,55,73,52,34,61,60,51,27,66,71,59,38,42,44,60,57,36,38,56,39,46,36,54,53,38,38,29,63,35,36,56,64,33,44,62,75,62,63,55,43,60,23,43,59,73,34,30,64,27,29,35,62,62,60,36,60,46,62,35,41,77,38,63,55,44,65,64,27,52,52,35,51,51,64,62,38,61,34,41,63,62,76,38,61,65,34,57,54,67,35,76,59,56,29,57,28,38,63,31,37,34
"77","56a3211edbe850000bfcedc6",63,57,88,72,75,80,67,62,70,80,47,70,49,82,42,40,74,47,52,72,67,77,63,55,38,56,76,60,46,69,50,42,48,32,64,52,57,53,71,73,70,59,47,72,70,70,88,49,51,60,74,68,38,67,53,51,52,50,66,50,48,65,43,48,71,47,56,51,53,59,53,46,45,61,43,43,65,47,47,58,69,47,55,62,68,55,57,80,50,60,32,51,65,61,48,47,49,45,47,37,62,52,49,50,68,39,58,48,50,73,44,65,49,51,76,57,34,69,51,56,47,55,55,56,41,64,52,42,51,52,68,50,39,40,56,59,45,46,32,63,46,63,40,42,40,59,45,69,50,53
"78","614f2de48a5fdf9347f1cd4e",72,68,69,57,79,80,77,46,75,64,66,83,50,77,66,72,73,73,48,54,78,58,74,71,56,69,53,59,66,75,72,63,62,58,94,56,79,51,60,52,68,56,54,76,61,80,85,57,74,69,54,61,55,65,79,58,50,70,62,73,62,86,54,74,80,47,56,60,70,82,45,51,54,77,51,66,78,49,62,67,84,72,92,70,68,55,57,96,60,63,62,64,72,70,59,56,77,50,52,57,56,87,70,61,75,53,84,60,60,86,51,78,50,81,47,77,62,75,60,75,61,70,65,62,56,66,43,57,92,69,71,52,77,68,50,71,41,55,59,85,67,72,50,70,48,94,63,73,79,46
"79","654940915346b76d2dd9e61a",61,73,74,53,69,84,73,60,41,77,59,70,38,41,41,31,47,46,46,80,48,85,55,37,66,44,36,26,52,38,76,56,52,65,69,19,57,32,35,54,24,39,65,43,79,42,73,65,38,69,48,79,82,76,40,35,48,56,37,60,72,79,65,58,46,49,26,55,69,63,40,24,61,18,37,53,56,38,34,40,73,36,67,27,38,22,42,65,63,68,50,73,37,59,55,26,33,38,49,83,41,68,58,39,87,77,55,79,82,81,55,68,46,31,59,57,61,82,62,30,41,69,52,74,75,81,50,77,40,76,41,68,34,34,18,65,28,65,74,49,41,81,75,58,58,76,84,77,31,60
"80","5dbddfb8a7b7bc306f4f5daa",61,35,70,70,75,83,78,40,44,86,44,84,44,52,54,49,55,48,48,48,48,56,71,43,45,45,50,48,54,55,27,70,62,49,61,53,53,46,56,46,58,52,74,56,58,40,74,33,39,50,43,59,43,79,31,56,47,51,59,72,51,58,47,51,61,37,52,79,52,40,38,21,49,48,36,49,53,39,38,49,62,31,57,52,46,45,76,55,64,58,39,39,60,35,22,47,63,41,50,50,26,44,49,44,76,68,62,56,49,80,41,57,66,30,37,63,48,61,48,46,89,52,48,84,31,60,44,62,45,65,51,49,53,75,45,75,25,72,46,37,48,58,46,48,43,57,85,61,28,49
"81","63c18301a31679d3e3e39101",77,44,54,82,68,74,89,47,69,73,58,95,70,92,62,66,71,62,79,67,65,68,70,58,78,72,51,61,58,81,77,67,90,56,90,54,63,90,69,79,65,69,95,87,75,72,71,54,65,85,70,64,81,73,74,75,53,61,65,55,63,61,62,90,55,57,59,81,73,75,52,55,53,75,71,60,71,63,75,58,85,69,86,71,74,55,58,89,75,73,50,54,66,74,51,59,84,54,53,61,68,78,52,55,73,59,61,70,52,82,47,91,51,52,66,76,51,71,88,80,70,86,56,75,52,85,53,55,75,80,74,78,75,55,59,69,65,96,50,76,55,79,56,61,62,91,58,74,54,58
"82","646f74e17638d9361ed60551",58,47,51,100,93,99,92,48,92,88,46,84,28,93,28,92,94,95,35,98,71,96,39,30,97,50,48,50,13,46,45,100,80,95,98,47,17,34,91,46,32,30,87,93,82,66,32,77,39,82,90,99,90,85,50,31,89,31,35,82,89,94,87,84,90,41,77,46,87,91,44,51,37,62,28,86,90,38,37,50,90,70,88,91,88,25,89,79,77,91,88,80,90,86,28,82,37,37,78,92,28,83,24,53,92,50,37,81,82,83,34,86,82,29,81,30,81,87,24,30,88,37,35,79,39,94,39,95,96,91,96,92,89,95,20,95,20,89,93,94,42,92,96,26,19,92,94,92,15,83
"83","65980d658f33743dcc17d5ca",80,35,75,90,87,97,98,58,83,86,64,93,72,88,26,79,99,81,73,78,97,66,68,92,91,70,99,83,84,77,79,83,92,47,88,75,82,87,90,96,45,87,74,88,75,67,71,74,76,88,74,73,60,86,82,64,70,64,80,84,80,97,79,84,71,41,63,76,66,72,67,66,67,75,56,75,80,47,73,67,80,74,96,65,68,76,81,27,84,72,33,52,76,57,52,56,74,43,64,44,42,76,72,53,81,72,78,78,49,81,49,75,84,46,66,82,42,40,77,61,59,74,52,58,63,42,47,78,72,55,47,54,62,93,64,61,43,84,45,54,59,67,52,26,49,88,83,61,64,60
"84","5d2a3561d3edf900018016a1",80,83,81,87,82,90,90,82,83,87,86,88,92,82,75,82,83,83,84,81,81,80,87,87,86,84,81,79,80,86,79,74,80,85,85,82,71,79,92,72,78,85,86,84,86,83,91,87,83,87,82,81,83,89,83,77,83,82,85,82,86,83,85,83,85,84,87,91,85,83,83,83,78,84,83,79,83,80,83,82,89,86,83,87,91,89,87,87,88,87,83,84,89,86,81,84,84,89,87,86,89,87,79,91,88,86,84,88,82,89,82,88,83,83,83,86,81,84,84,84,83,84,80,85,82,84,89,87,84,84,92,84,89,86,88,83,90,87,80,84,79,83,86,83,89,92,86,87,85,92
"85","659c020f271b6b6ec7d3fc10",79,60,76,61,31,73,41,59,70,68,58,54,61,71,74,72,62,67,18,50,61,36,59,69,76,60,59,54,69,62,34,40,46,57,46,77,74,62,69,40,72,42,73,72,56,54,70,69,67,67,64,63,63,60,63,42,62,68,63,75,64,75,66,43,64,55,59,50,66,56,74,67,75,59,70,73,64,60,65,64,39,51,66,67,72,57,48,51,67,62,55,66,76,60,58,60,52,63,65,61,67,42,55,60,65,70,57,59,65,36,66,45,63,65,55,59,45,58,61,52,58,68,69,65,72,67,66,67,62,60,62,52,66,51,52,65,70,66,65,62,37,61,59,37,66,37,45,54,65,33
"86","5e3730e29367056cd1c6f168",60,66,66,83,72,80,71,50,59,76,62,58,67,91,39,78,60,72,71,70,75,70,66,55,58,58,49,46,57,63,68,65,64,62,68,60,63,53,73,67,63,55,72,68,85,67,66,66,65,74,55,87,68,65,64,57,57,57,61,65,68,72,57,62,68,58,56,61,71,61,56,44,53,43,41,62,77,59,56,68,86,54,66,60,74,55,64,72,60,84,62,65,72,71,59,44,57,57,62,65,63,73,72,66,91,73,63,62,63,83,57,68,72,62,68,68,71,92,77,49,55,68,58,46,73,77,54,50,68,65,81,63,78,67,56,95,48,67,68,68,65,85,63,51,65,67,67,64,54,66
"87","60f6cbe36e82179b2ff5b808",62,61,74,60,76,80,80,55,70,70,72,74,64,58,64,50,72,70,67,72,34,72,65,66,71,62,75,58,64,71,45,72,75,55,78,57,60,68,60,70,71,70,70,55,75,65,76,50,70,70,70,71,77,75,68,65,64,60,65,65,79,74,50,75,70,52,50,65,75,78,60,60,60,64,62,73,66,60,60,60,80,73,75,70,57,51,53,76,60,71,45,59,75,79,45,60,64,65,72,76,51,76,50,60,70,42,70,75,74,80,56,75,47,55,70,70,50,59,80,52,65,70,60,70,50,74,66,53,67,72,53,67,71,63,54,70,55,72,53,76,69,72,70,50,65,77,55,78,59,67
"88","604ba3e00588111bec4a4184",59,52,38,50,64,74,59,23,43,62,43,61,35,56,48,56,48,45,35,42,48,57,55,51,44,51,55,50,55,56,44,63,50,36,62,58,41,37,68,55,49,40,57,58,61,53,36,60,56,51,54,56,29,50,62,50,24,61,58,71,50,51,34,67,60,28,59,64,26,61,22,42,38,47,27,42,57,23,44,62,65,51,37,51,42,42,40,31,39,49,42,31,61,48,27,44,56,27,41,42,52,46,50,36,51,50,51,50,40,72,28,57,62,52,51,50,35,47,41,49,46,59,41,61,26,57,24,51,52,50,36,35,53,40,43,51,40,48,36,50,35,51,38,52,27,39,50,48,53,36
"89","5d1cd7474fc2f10001728dde",59,35,44,70,26,85,58,69,63,8,51,81,37,70,40,41,61,25,31,15,56,18,62,43,21,62,28,40,41,56,22,48,25,57,34,63,18,61,80,45,40,42,44,56,76,74,62,43,39,23,58,31,51,77,63,42,58,47,68,56,47,27,58,41,55,39,32,51,51,43,37,33,20,32,31,29,19,30,35,25,67,59,60,40,59,49,51,28,50,32,38,38,66,63,44,35,47,36,35,48,38,61,29,57,26,54,38,42,57,73,57,53,50,35,43,57,39,35,35,57,69,79,36,51,39,31,58,62,61,48,62,28,58,36,34,17,45,46,49,75,40,35,42,35,51,46,40,60,37,55
"90","64e24ae55add4e83a04048d7",89,48,96,95,80,93,85,43,63,97,50,81,85,86,58,75,94,62,63,79,54,88,85,59,95,87,75,68,60,45,49,81,90,35,90,60,83,67,92,68,74,53,95,87,93,70,93,40,57,90,57,95,75,88,93,81,70,56,48,78,75,85,40,92,90,64,80,78,90,85,45,49,90,76,35,70,91,53,37,79,75,40,85,62,65,50,75,85,90,85,50,65,85,50,45,60,35,45,60,90,45,90,65,55,95,50,70,60,65,80,65,80,55,45,65,85,70,85,70,75,65,75,85,80,45,95,65,65,85,75,85,65,90,85,50,95,50,90,75,70,55,85,65,60,55,90,75,80,60,70
"91","5694e7b5e0c800000b5a3841",80,34,80,47,63,99,61,57,67,62,48,99,84,47,25,71,60,32,78,27,77,90,70,35,83,58,98,78,42,78,88,90,84,79,78,49,57,76,79,80,50,82,79,40,73,59,83,54,25,89,55,44,80,78,64,82,70,46,51,70,33,85,50,63,29,70,23,50,84,74,46,42,34,25,50,53,38,40,78,59,82,72,84,64,35,35,61,84,67,85,39,54,61,59,60,31,69,55,74,31,41,67,18,75,47,43,76,71,63,78,44,43,67,40,46,63,75,77,81,24,32,69,58,47,57,47,74,28,60,64,44,66,48,49,41,46,24,71,68,63,41,91,74,27,67,82,34,75,15,71
"92","5dc8465ad362415b3383405f",69,79,60,80,75,90,71,79,55,83,51,67,63,92,66,32,55,35,61,86,73,73,94,27,38,55,72,82,82,86,60,71,78,59,55,68,62,63,78,41,72,74,62,73,85,38,64,61,41,76,76,76,40,82,50,72,53,61,78,76,62,68,65,65,83,60,55,69,79,61,39,59,70,58,44,56,60,38,39,82,79,53,42,66,71,54,76,42,61,78,39,36,59,54,57,60,79,45,53,53,75,59,70,70,68,69,75,69,66,74,55,75,68,56,75,51,62,80,70,64,63,68,60,71,68,81,72,60,66,80,72,24,64,70,58,79,69,67,65,57,69,83,62,77,55,58,66,69,47,61
"93","5e5165d2f1ecb418da9c2db7",51,16,37,70,56,55,58,36,69,63,53,77,56,57,34,62,5,13,49,38,60,36,76,12,57,5,29,37,48,38,35,58,19,50,32,47,58,58,62,59,9,41,29,71,63,28,20,58,3,81,48,55,48,66,10,46,53,51,48,56,29,8,40,14,71,33,47,37,63,11,56,13,50,12,29,25,68,45,32,65,42,24,5,55,33,15,55,18,43,58,29,47,56,8,35,11,35,49,54,13,21,9,52,47,59,43,58,60,44,19,44,56,56,16,25,4,24,59,64,4,73,48,55,54,50,60,40,56,27,52,36,29,53,43,8,54,30,48,43,30,59,74,51,39,42,21,43,59,2,46
"94","58350bfe8f7d460001e8ba7f",71,54,54,62,64,61,93,67,34,64,36,70,69,53,31,51,55,36,82,31,55,31,54,43,70,53,74,48,63,70,49,80,77,63,68,49,70,47,81,31,49,86,63,37,48,62,57,46,55,32,52,33,51,39,51,67,64,32,50,69,74,65,42,39,61,67,38,59,75,42,35,46,40,41,65,34,46,62,50,59,31,49,52,41,35,50,67,68,76,55,70,52,64,65,40,26,69,66,80,73,22,63,30,74,50,48,67,77,73,75,55,67,69,77,62,67,75,34,82,37,35,78,39,66,43,33,71,78,66,56,37,70,54,64,39,60,73,72,57,46,52,67,66,59,64,66,89,65,41,80
"95","609e46e5cb0af2f5cbe1571c",70,60,70,75,80,75,80,85,70,70,80,80,70,65,60,65,65,80,75,65,75,70,65,65,70,65,60,75,75,80,80,80,70,60,80,65,80,75,70,75,65,80,80,70,65,65,75,80,75,75,70,75,80,70,65,75,75,80,70,75,85,80,75,75,80,80,70,75,80,70,70,60,60,65,60,80,70,65,70,60,70,60,65,75,65,65,65,70,75,70,70,70,65,75,70,65,65,65,75,75,60,70,75,70,70,75,70,80,75,70,70,70,70,70,70,65,75,70,65,60,65,75,65,75,75,70,75,70,60,70,65,75,65,70,60,65,70,70,70,70,70,70,75,65,75,80,75,75,65,70
"96","64013d507ab5a4cdc0c1a29a",78,43,82,79,74,100,81,65,78,98,87,33,31,74,69,32,32,35,30,12,42,32,10,19,39,46,31,38,11,61,43,100,36,35,76,35,66,32,100,39,0,34,67,96,79,86,100,61,35,48,22,66,78,69,47,48,71,79,53,70,100,71,70,76,70,34,51,72,71,68,34,33,44,0,30,48,100,36,42,88,64,27,64,24,84,19,95,90,31,75,4,18,30,37,38,21,36,29,38,78,30,72,89,16,91,38,85,38,74,29,18,40,19,46,5,11,83,77,24,7,27,63,76,31,19,39,21,35,50,27,100,25,66,93,12,100,0,82,85,16,100,13,57,100,3,100,83,84,30,21
"97","584626b7e0ba710001a47438",68,79,63,70,76,77,67,69,78,76,73,45,78,81,78,63,55,70,60,68,77,63,86,89,59,78,40,50,48,69,69,75,47,50,84,59,72,74,67,88,75,51,68,50,64,69,56,52,67,50,40,59,56,54,64,74,57,52,53,54,48,63,70,32,61,60,63,64,47,67,44,45,44,63,62,60,74,43,56,65,65,50,48,62,48,54,32,80,59,54,46,64,56,62,56,52,50,47,61,65,43,66,47,55,71,50,51,54,44,60,53,68,62,47,51,64,47,74,70,51,59,64,57,68,51,65,64,56,44,71,44,58,63,64,48,41,50,56,63,56,51,74,56,73,66,53,67,66,57,82
"98","657db898123170e6d628b675",55,47,35,65,45,55,55,25,55,70,51,48,20,48,45,32,29,28,20,54,47,48,51,17,41,28,52,28,58,60,40,48,51,33,37,37,55,18,41,40,46,25,56,50,65,53,32,56,23,55,55,60,52,55,45,47,9,54,54,56,42,27,24,54,36,12,16,58,45,46,18,34,59,38,22,39,54,18,39,57,59,54,37,57,55,53,57,39,53,63,34,41,43,53,40,30,56,11,12,41,24,51,64,13,56,30,56,59,45,60,9,57,52,21,59,55,26,60,43,41,56,52,54,56,47,61,8,18,59,62,56,42,45,58,27,63,27,60,25,56,65,64,46,61,6,37,60,62,16,15
"99","65085fb91a4cb8bd22420fef",79,75,64,66,72,72,63,81,80,78,65,77,71,83,81,67,76,67,66,75,81,86,69,84,84,66,78,76,60,54,85,63,83,62,67,69,78,88,67,68,83,86,81,82,88,77,82,87,79,65,84,84,78,82,82,80,85,44,89,79,80,82,71,78,85,71,39,65,85,84,83,83,69,82,81,76,96,83,82,83,82,99,84,68,89,82,87,80,85,81,76,71,75,81,69,84,82,87,72,87,87,68,69,81,75,88,89,72,80,95,88,99,87,86,88,96,91,70,92,78,87,87,87,90,87,85,89,87,75,71,85,85,64,91,90,78,71,69,80,85,76,96,87,90,92,100,86,87,95,85
"100","5ee2e7bf21501a83d55642cd",75,78,72,80,88,88,88,82,81,84,85,80,78,85,68,85,87,75,86,71,83,79,79,84,88,81,89,85,83,88,83,80,86,87,76,84,62,79,85,77,79,87,87,79,77,83,79,81,81,79,88,78,80,86,83,83,85,84,86,85,72,83,86,83,84,86,80,88,84,87,72,83,67,80,80,84,67,80,80,74,81,83,84,87,80,82,83,81,87,78,70,74,83,80,81,81,82,81,81,68,84,82,75,76,83,87,77,83,80,87,81,85,84,74,79,83,71,83,83,78,81,84,71,84,83,80,78,86,85,80,81,74,83,79,81,73,83,80,68,82,79,79,78,77,80,81,75,82,82,82
"101","6314c1e76c3f71e2127f1976",76,43,64,64,51,40,54,61,37,55,41,46,40,67,41,53,38,52,55,61,57,60,57,52,49,36,72,82,49,42,46,60,50,53,44,45,50,40,82,48,38,35,51,61,65,37,59,49,41,53,61,61,51,52,45,45,54,46,50,53,68,54,51,48,57,49,46,47,48,45,40,43,40,42,48,50,56,36,46,50,60,46,49,53,60,36,51,54,49,58,35,50,60,40,43,45,39,38,47,57,44,51,46,44,54,52,48,50,50,53,41,52,49,53,55,44,51,61,50,42,49,48,51,45,40,56,48,47,50,49,58,48,52,48,40,56,45,43,51,38,48,53,52,53,48,52,55,49,38,51
"102","5efb37df80745a0577feb997",48,51,58,51,67,78,48,55,88,59,68,62,43,74,58,51,64,58,40,47,57,49,49,38,44,49,68,63,64,58,47,52,72,39,43,46,51,68,59,71,45,46,62,74,56,85,60,53,41,57,83,63,49,54,68,70,42,49,48,52,46,58,38,87,62,46,40,51,53,73,35,46,49,41,60,51,62,42,47,53,80,57,58,51,75,47,54,56,51,61,45,45,56,82,41,48,52,45,44,51,45,69,53,51,56,53,47,66,52,85,53,64,56,49,68,77,45,56,70,58,47,54,51,53,45,69,50,55,88,66,79,66,63,63,47,53,40,66,47,81,50,77,52,48,52,70,54,62,41,43
"103","61705dad05413013eb3d7d00",50,70,83,62,68,72,40,33,75,83,52,70,27,66,43,66,71,66,83,66,40,67,80,64,81,55,88,71,77,55,86,76,81,29,82,71,63,80,75,93,51,38,71,78,67,65,78,47,70,74,84,65,51,83,82,85,49,58,80,68,51,75,82,80,85,42,71,77,67,66,48,74,86,77,74,63,76,42,63,64,94,67,68,71,79,73,71,78,93,71,70,53,74,76,79,73,82,50,45,46,73,84,66,68,88,77,75,68,52,78,48,68,46,79,90,84,44,79,91,74,79,75,50,71,56,75,39,86,42,92,85,42,91,79,92,83,82,54,53,85,66,75,46,54,41,66,78,48,76,38
"104","6140d7cdf9bc6016591c2878",83,89,90,71,88,92,91,91,90,87,81,89,89,90,83,86,91,71,89,66,86,76,86,87,86,89,83,86,87,86,89,82,92,80,91,86,72,90,90,89,90,90,89,88,79,91,92,89,88,62,83,64,75,87,90,87,89,64,86,86,66,93,88,91,90,89,89,89,75,90,84,86,65,90,90,74,74,86,87,66,90,90,93,87,90,86,89,90,91,74,84,82,90,89,89,89,86,87,90,65,87,91,67,91,85,87,78,80,84,91,85,89,90,89,83,89,80,68,91,88,86,88,72,86,88,76,91,87,90,89,90,78,90,89,89,77,89,90,75,92,68,67,80,66,90,93,87,76,90,89
"105","5e3064f14234ff063ebedcc6",96,92,34,90,65,96,96,77,32,93,60,94,85,91,19,30,19,14,83,18,28,21,86,22,22,67,18,70,71,75,22,95,25,28,94,33,49,19,92,17,23,81,92,87,93,55,23,93,36,94,59,70,73,86,79,86,87,26,75,92,27,97,85,43,89,64,80,24,21,62,5,33,77,5,63,26,24,22,10,33,93,3,79,23,88,32,4,8,87,38,21,5,62,80,9,27,79,64,86,24,63,33,41,38,92,77,33,40,33,93,28,76,70,3,63,34,21,73,34,9,74,78,59,42,11,43,36,25,12,70,96,9,32,1,11,7,17,85,18,41,36,21,28,27,87,92,92,32,20,72
"106","61036b50ca5be39e19acdc3d",45,63,60,66,64,76,69,52,74,64,56,78,61,76,56,81,78,52,59,69,68,57,71,63,58,62,65,51,71,70,57,71,80,64,81,55,54,72,81,58,71,62,63,77,68,92,68,68,67,66,66,71,71,73,81,66,67,58,71,71,63,89,55,76,83,69,55,76,66,85,64,67,55,82,70,66,70,62,63,56,85,80,84,72,76,80,68,72,70,74,52,63,78,92,55,56,68,63,63,62,73,84,74,65,67,77,64,74,65,85,65,75,60,67,77,77,70,77,70,85,60,70,51,66,54,70,53,64,83,61,82,56,85,70,55,71,66,70,60,85,61,69,63,49,50,80,69,56,67,59
"107","64601d5bf3f4d849a794097c",75,85,87,81,79,87,65,81,83,92,83,79,68,49,66,90,66,85,64,89,87,86,71,77,79,58,58,76,79,86,84,71,86,80,72,31,72,77,64,74,83,78,71,69,84,62,68,78,73,75,65,61,69,75,61,47,76,81,69,79,82,60,71,71,67,63,58,57,78,68,66,76,60,66,64,77,62,72,59,61,84,49,82,85,89,57,79,75,44,63,67,79,50,61,56,87,48,49,78,62,59,72,70,77,49,68,73,74,66,48,69,44,70,49,54,49,68,66,61,70,64,50,54,86,57,55,80,76,83,51,58,70,65,71,85,73,59,49,75,73,86,69,49,63,54,66,68,66,77,83
"108","598262809dfc3e00011d7f99",45,28,50,52,46,60,58,28,22,66,25,72,49,55,45,21,45,22,38,31,55,52,49,64,60,78,42,65,87,61,17,71,70,17,49,50,64,61,72,59,36,15,61,63,56,47,60,55,53,60,58,61,46,59,49,60,43,52,67,60,39,60,77,63,74,58,65,67,59,60,59,36,56,59,55,60,67,57,58,60,68,46,58,64,64,42,43,56,62,62,48,39,60,40,48,63,59,45,42,39,60,45,51,45,62,64,60,66,38,49,58,62,62,62,63,67,60,63,59,59,62,54,51,62,60,68,47,59,63,50,55,55,56,49,54,53,35,57,30,46,50,76,49,51,37,64,76,76,54,41
"109","5cd3d5760b858f0016ccd823",50,50,40,60,50,50,60,40,50,70,50,60,50,50,50,50,50,40,50,50,50,45,50,45,50,50,50,50,50,50,50,50,50,50,60,50,50,55,50,50,50,50,55,50,60,50,45,50,50,50,50,50,50,50,50,50,50,50,50,50,40,40,50,50,50,50,50,50,50,50,50,50,50,50,50,50,50,50,50,50,50,50,45,50,50,50,50,40,55,55,50,50,50,50,50,50,50,50,50,35,50,50,50,50,60,50,50,50,50,50,50,50,50,50,50,50,50,60,50,50,50,50,50,50,50,55,50,50,50,50,50,50,50,50,50,55,50,55,50,50,50,55,50,50,50,35,50,50,50,50
"110","5588ee6ffdf99b304dd48297",79,63,74,88,69,96,83,84,67,91,67,82,68,78,68,74,86,73,74,78,79,46,83,59,62,74,88,70,67,72,69,78,78,65,100,68,66,72,84,80,62,76,88,89,85,60,73,73,62,81,72,74,69,72,81,68,68,80,66,92,86,97,81,77,82,65,80,63,72,97,55,62,70,66,71,70,91,58,61,77,96,67,97,78,71,56,92,84,93,91,66,69,88,70,61,66,61,71,67,83,56,96,95,78,82,84,74,78,69,94,62,98,73,75,77,84,82,91,84,67,73,80,76,66,62,83,79,85,78,75,83,78,79,91,69,87,73,82,86,69,88,77,83,71,71,100,88,88,69,73
"111","610838248aa1f186a7bbe41c",68,60,59,70,69,76,68,65,71,70,62,62,62,73,58,67,66,69,73,68,62,56,68,66,66,64,66,68,56,61,55,70,65,63,71,58,58,71,76,67,55,63,69,68,67,75,59,61,60,67,62,70,65,70,68,66,63,72,62,67,68,65,66,66,65,63,59,59,61,70,56,61,63,59,73,66,68,59,68,63,70,66,69,66,61,54,67,62,69,69,61,64,67,68,60,59,64,58,64,67,57,64,58,60,70,63,65,68,60,72,60,65,59,63,58,67,65,68,68,56,63,67,63,61,60,66,63,68,66,59,66,62,65,68,55,69,56,68,59,68,59,67,63,66,60,66,70,65,67,56
"112","5a9dd8b1873cda00010d18c5",68,58,89,67,71,87,85,78,90,54,58,52,60,75,48,70,75,58,62,60,65,62,75,74,65,70,67,60,73,60,67,82,82,58,75,54,62,87,65,75,54,52,80,64,57,83,81,68,65,63,57,60,57,79,61,77,57,50,65,66,58,79,65,80,75,64,57,60,58,77,57,52,48,57,62,50,53,61,59,62,82,65,79,68,62,61,59,70,82,57,57,61,68,87,57,62,59,52,71,55,62,78,51,70,54,70,68,81,59,86,65,72,67,60,75,75,58,65,79,68,71,79,63,79,62,78,62,75,77,80,61,52,73,70,61,54,58,82,57,87,59,78,57,50,70,85,79,76,60,62
"113","63b63938dbf229f3eb46d4a4",67,75,93,70,85,83,80,46,88,83,55,90,30,86,10,74,50,40,86,45,40,72,45,75,35,85,15,55,45,72,60,75,82,47,83,50,7,90,85,65,80,45,67,70,59,78,90,46,58,55,17,80,70,87,85,90,65,30,42,82,85,90,55,75,88,35,53,65,85,93,19,9,15,60,47,55,70,28,71,43,75,40,70,82,49,41,35,78,62,69,18,44,52,76,39,56,38,24,55,80,57,79,11,18,72,54,53,82,50,78,37,79,47,50,20,80,50,80,65,51,91,50,17,78,56,74,65,54,80,87,55,48,66,39,48,64,11,65,50,73,46,62,47,20,37,85,79,88,59,69
"114","64135e3d9cd5e3f16290d29c",100,73,86,75,92,77,100,83,56,100,100,63,81,67,74,78,100,100,73,80,85,62,82,70,61,88,80,54,89,80,74,100,100,68,100,73,79,100,90,69,65,63,100,73,80,75,96,73,63,11,79,84,39,74,100,78,87,80,91,100,100,100,85,100,88,79,42,70,76,100,22,83,38,35,83,71,100,77,41,85,100,89,100,74,73,73,100,61,100,63,39,100,72,63,51,76,73,35,100,100,83,100,74,73,100,77,100,65,100,83,82,79,89,65,79,100,82,84,100,44,41,29,55,50,44,11,78,77,100,73,74,26,80,100,59,100,60,100,75,79,100,56,100,75,68,100,100,67,76,86
"115","656120c869878f51dec01771",75,55,26,52,30,76,50,40,75,21,40,51,50,76,2,75,75,1,26,0,78,32,76,56,55,75,60,66,76,65,50,46,70,9,75,75,8,50,76,30,45,51,80,60,74,82,52,75,81,28,65,0,35,80,81,81,57,25,85,70,2,81,77,75,80,60,80,75,34,78,53,72,22,49,51,32,21,75,50,23,65,84,80,80,55,71,70,70,80,31,29,20,70,75,76,65,75,65,65,2,50,70,65,65,26,67,65,25,40,75,50,65,70,75,75,78,25,30,75,58,70,70,15,75,65,40,30,65,66,60,60,31,66,68,63,6,62,75,17,71,30,30,16,20,65,80,65,25,55,65
"116","64e970e4337e163e71677537",39,39,59,50,44,39,57,39,52,50,47,56,42,49,50,55,56,57,46,44,39,46,63,51,47,40,49,51,53,61,38,48,53,47,54,54,34,34,42,44,49,55,42,38,47,49,48,45,52,47,42,42,45,44,47,54,43,56,48,48,41,44,40,48,44,52,54,51,51,44,44,43,56,52,49,41,45,49,56,51,46,39,55,43,57,44,46,45,52,45,53,53,56,55,46,47,55,52,55,56,55,45,49,54,49,52,48,53,39,40,50,54,44,52,55,48,39,56,50,43,48,42,40,41,52,43,49,45,43,49,56,57,52,43,46,39,52,48,40,53,56,46,41,56,53,48,51,54,52,45
"117","622a04c3557ea04c82c8f62f",79,78,82,86,81,85,80,78,78,85,78,84,78,85,73,76,78,79,76,80,76,85,81,77,79,81,76,78,80,77,79,80,78,76,82,75,80,81,83,82,81,77,81,80,85,77,82,77,77,84,80,82,80,84,81,82,78,77,79,82,80,79,78,78,82,79,77,80,80,80,77,78,77,79,79,82,80,78,82,78,85,79,80,80,84,78,79,84,83,85,78,79,82,79,78,78,80,79,80,81,78,79,78,78,85,79,78,85,79,86,80,81,79,79,79,83,79,82,84,79,79,81,80,85,79,85,79,78,80,84,84,80,80,80,78,80,78,82,79,78,78,85,80,78,78,83,83,85,78,80
"118","60fe3068239127c9477e476c",65,45,55,35,60,65,65,60,35,60,50,75,40,60,50,60,65,30,60,40,70,30,40,35,50,45,30,50,80,60,60,35,45,40,75,45,55,55,80,50,50,70,60,35,75,60,35,70,35,40,20,60,60,40,65,55,70,65,40,60,30,85,60,50,80,60,50,60,70,40,20,25,20,35,35,35,50,40,55,45,85,60,65,35,40,40,30,60,40,60,45,30,40,35,25,40,40,40,60,50,60,60,55,65,60,35,50,55,60,30,45,55,35,55,30,30,50,65,35,30,50,55,40,40,30,65,65,40,25,50,40,40,35,30,30,30,30,40,60,45,35,50,45,40,65,70,40,60,50,65
"119","5ddff33bb28cf706c57b4c88",94,33,33,90,69,65,78,41,30,89,52,59,33,40,85,36,34,54,38,87,47,96,86,29,56,32,68,73,43,81,41,91,39,44,32,40,63,38,57,67,35,44,67,34,95,29,32,70,36,97,87,92,72,89,33,83,40,84,71,90,52,31,48,34,80,45,28,89,78,43,30,31,94,29,30,64,80,28,70,85,81,30,35,55,31,51,65,29,58,89,44,47,57,30,30,27,73,30,39,51,66,43,84,33,84,54,74,59,60,64,29,61,71,35,79,39,59,94,43,33,34,63,80,70,50,96,45,48,31,55,34,32,57,72,29,89,28,52,56,32,84,93,56,80,37,30,82,60,29,35
"120","5cfb5233df7d70001619ca90",67,63,59,69,69,63,61,69,61,75,73,56,54,68,72,62,57,69,72,74,61,72,62,55,63,59,63,68,60,72,58,70,58,71,69,58,76,63,63,71,53,60,62,59,70,56,56,60,51,70,58,69,58,58,54,59,68,65,53,68,66,54,62,53,59,65,54,74,63,55,54,55,73,54,55,55,67,56,58,59,63,54,57,57,61,53,62,56,67,73,62,64,55,60,59,57,66,57,69,72,53,54,72,56,68,54,72,72,66,65,59,58,57,47,61,57,57,72,60,56,51,62,71,57,59,71,67,51,53,58,65,57,62,60,55,70,59,62,63,62,64,71,61,73,62,65,63,63,49,72
"121","63d13f416b2c25038c13007f",85,87,87,85,81,89,84,85,86,88,85,83,85,80,86,87,85,88,81,81,83,87,88,73,86,87,83,86,85,84,84,81,82,85,86,79,83,88,82,84,83,87,83,77,83,87,85,85,84,85,82,84,82,84,82,87,83,83,87,83,86,85,82,88,85,88,73,83,87,85,83,86,78,77,88,84,84,77,82,83,83,85,86,86,75,85,82,82,86,86,79,82,88,88,84,75,87,85,83,86,83,83,81,81,83,86,82,85,82,83,85,86,85,76,80,81,77,85,83,73,83,80,82,78,84,89,90,86,83,86,73,82,82,82,74,83,86,82,81,87,86,90,85,83,88,91,89,85,84,84
"122","5b9b422307c6960001614c35",74,84,70,80,70,90,90,70,85,90,70,80,66,70,76,85,75,70,75,55,75,80,80,70,65,85,70,75,80,85,75,90,75,60,90,60,51,70,85,75,60,60,90,80,80,90,80,75,70,85,80,80,75,85,75,85,70,85,85,85,60,85,75,76,85,70,60,90,75,85,60,70,55,60,65,75,69,65,80,60,90,65,80,75,80,90,65,70,90,70,60,70,65,90,70,50,70,60,65,65,70,90,85,65,70,80,75,75,60,95,65,85,85,55,65,75,70,75,75,60,85,75,60,80,70,90,60,75,75,80,70,65,60,80,50,70,70,85,60,90,75,80,60,80,70,80,75,75,65,65
"123","6317db8020afb4f2e618569c",38,7,35,60,63,27,57,55,10,84,63,35,23,6,36,38,9,54,37,54,31,46,52,13,55,8,14,29,3,58,15,61,19,35,16,3,54,48,13,53,11,41,40,26,61,10,37,40,14,65,33,66,54,48,10,46,32,61,27,53,56,23,35,23,7,41,4,29,47,48,41,25,62,3,49,39,71,24,47,24,41,4,11,44,10,14,48,23,52,64,54,53,14,14,25,3,28,52,46,58,10,13,55,47,79,19,55,48,62,37,26,52,43,14,23,7,49,73,38,10,27,47,74,46,35,50,60,48,8,53,16,52,13,54,7,67,9,52,63,10,59,50,69,38,47,13,64,64,10,38
"124","63e5b3e89a3823139cb9d35e",59,39,50,57,63,79,54,66,43,89,57,63,51,51,65,32,57,78,67,57,59,82,82,26,54,81,50,66,45,84,40,67,61,66,72,49,76,46,57,64,37,35,52,78,55,64,45,60,66,58,54,68,66,62,77,74,71,64,62,67,77,68,56,71,56,52,24,70,63,31,70,78,66,24,68,66,57,52,45,66,66,47,53,73,76,27,76,69,73,57,57,71,58,63,58,71,67,47,63,72,76,50,70,73,68,54,51,68,38,73,40,74,60,50,47,56,70,58,69,71,60,55,60,58,33,75,36,66,65,62,56,53,60,51,33,49,43,48,65,55,62,49,64,73,44,57,57,75,64,52
"125","629aaa38fdfc8168501b930e",91,92,85,90,84,91,96,89,93,74,74,91,84,100,83,92,90,66,83,50,94,68,88,90,82,96,83,96,84,88,86,87,92,82,89,98,91,92,87,94,90,81,84,90,82,85,88,85,92,55,84,57,91,88,88,90,82,72,89,86,76,90,87,95,87,80,89,88,90,92,89,88,63,90,89,78,76,88,89,61,90,89,87,86,86,95,87,92,86,83,86,82,87,92,86,88,84,87,85,75,89,82,64,90,78,86,76,76,82,87,89,87,89,86,86,90,83,51,77,83,86,92,55,74,82,67,88,81,90,87,79,85,91,88,91,83,87,88,83,85,62,57,89,60,89,84,73,72,91,87
"126","57d940a5995a0b00016350be",50,60,70,70,55,70,50,50,70,45,50,75,50,50,40,50,60,50,50,60,50,50,65,50,45,55,50,50,60,50,50,46,70,46,60,50,60,50,70,50,60,60,50,50,70,70,70,50,50,50,70,70,50,70,60,60,50,45,50,45,50,60,50,60,50,50,50,50,50,55,55,50,45,60,50,50,60,50,45,55,60,50,60,50,50,50,60,70,50,70,45,45,55,50,50,50,50,50,51,50,55,50,45,60,70,50,60,50,55,60,50,70,50,50,65,60,45,70,50,60,50,50,45,70,50,60,50,50,60,60,50,50,55,50,50,60,58,50,45,50,50,50,50,45,50,60,45,50,50,50
"127","63d9f41910c61f3eb102079f",77,72,68,72,58,78,90,76,55,75,70,67,66,81,67,61,68,73,77,65,77,73,74,34,62,50,70,67,63,66,60,80,60,67,69,50,67,67,71,65,61,69,90,69,76,68,68,74,34,67,63,76,71,77,64,62,85,72,66,77,63,67,67,74,71,79,71,70,66,76,64,58,64,44,70,73,68,65,68,73,74,57,67,75,48,40,71,67,82,76,67,65,66,68,54,53,66,65,82,76,69,73,73,67,81,68,62,74,65,81,60,72,71,55,68,72,58,82,77,68,55,73,73,71,65,70,69,67,70,74,67,72,65,70,53,72,48,75,70,70,72,75,70,65,75,74,72,73,43,82
"128","6487901ef9fad1bfcf43daa5",60,47,57,53,39,57,43,94,38,40,48,52,38,41,61,61,62,34,47,49,40,83,42,38,37,55,61,53,52,51,60,40,50,46,55,40,63,50,55,74,56,52,68,74,42,40,50,62,50,97,60,51,66,59,48,61,59,60,53,53,58,60,41,46,61,64,65,41,50,63,51,54,61,69,62,63,50,50,41,62,55,62,50,58,64,54,40,50,67,74,78,51,56,60,66,60,40,64,55,62,48,43,92,50,60,70,82,56,67,51,93,45,64,42,60,63,64,58,41,46,84,47,59,71,62,58,48,47,56,59,63,51,77,53,53,61,61,63,70,62,66,58,56,63,66,71,55,65,76,69
"129","5c78b032419dcc0014119082",75,75,72,26,89,86,89,61,15,65,75,52,59,88,87,58,68,89,41,28,21,83,23,61,37,71,54,14,22,80,66,30,93,72,75,90,49,13,95,83,58,75,56,49,76,71,54,84,69,80,53,67,63,81,86,76,89,74,85,21,61,69,82,71,9,95,24,16,50,82,15,29,90,87,55,85,44,60,83,15,60,89,9,80,82,72,43,72,81,72,34,81,76,79,23,64,60,72,78,10,79,78,80,42,71,42,68,66,43,79,75,81,77,20,13,75,41,33,84,81,58,54,30,30,87,52,85,69,72,58,46,92,76,61,85,74,86,84,9,72,88,76,51,82,25,78,73,25,28,48
"130","5f4df2b4bdb2449bd751ce51",75,72,40,78,66,77,83,90,64,88,72,47,61,13,80,54,25,72,27,50,49,50,90,62,46,67,89,62,57,79,71,67,91,78,74,65,42,73,84,92,69,74,70,86,35,64,50,52,34,66,75,72,67,55,72,72,29,82,62,76,76,89,64,59,74,76,87,89,73,66,86,51,79,44,79,55,74,82,68,92,82,78,35,74,64,79,80,86,65,77,52,92,55,81,24,45,31,38,70,40,72,58,88,57,58,81,73,87,71,62,29,57,34,50,68,27,67,36,40,75,78,35,50,77,68,33,59,77,85,90,66,46,80,78,65,87,94,76,85,87,73,90,66,73,88,67,66,59,82,61
"131","644937030a7868838f1e1b9a",100,0,99,100,98,100,98,80,100,100,80,84,50,0,0,100,100,100,99,99,80,100,20,50,50,80,0,0,50,0,30,100,91,48,100,0,100,50,100,70,0,100,100,100,99,100,100,90,51,100,80,100,100,51,100,50,50,0,50,100,100,100,81,100,100,50,50,50,99,100,50,0,0,0,80,100,100,50,50,50,100,100,100,50,99,49,100,100,98,98,100,64,99,90,56,50,46,51,100,100,50,100,0,100,100,100,23,100,51,100,100,51,51,0,50,100,50,100,100,96,0,90,49,100,49,100,100,100,100,50,100,100,99,99,49,100,49,100,100,100,88,100,100,0,85,99,100,100,48,100
"132","656f042cc31f84842ad587e4",56,74,90,67,72,92,77,43,78,74,89,98,69,86,90,80,59,8,100,65,42,46,91,53,30,47,78,57,38,64,82,69,72,91,48,100,30,33,80,36,87,58,85,50,60,98,99,62,65,79,90,97,79,41,86,45,85,94,93,46,68,77,68,43,46,60,89,46,55,93,90,97,64,58,98,96,53,96,92,67,79,86,76,84,93,58,91,95,99,80,57,93,98,91,46,58,68,71,84,70,76,81,75,89,71,74,45,50,80,88,73,81,90,85,94,51,65,95,98,78,50,86,86,90,55,79,93,50,75,77,79,98,62,74,2,82,77,51,97,89,30,80,100,81,70,63,90,70,67,100
"133","58380cb9f1faf8000129673a",67,48,79,53,58,64,58,65,63,77,65,67,28,57,41,17,58,33,48,41,54,61,44,24,26,31,44,45,51,55,57,72,28,40,70,53,60,51,53,51,28,60,48,48,52,54,65,31,22,35,49,62,64,49,42,48,59,59,53,81,52,70,56,61,50,55,55,39,58,70,22,26,39,32,38,41,38,40,30,39,49,20,65,37,51,32,32,32,36,42,40,45,36,41,40,46,39,41,51,59,46,56,66,35,51,58,49,48,47,71,54,67,49,50,70,63,57,77,52,36,59,54,55,44,60,53,53,59,49,50,51,34,51,32,47,27,26,41,50,58,57,55,50,28,44,74,62,60,18,42
"134","63d863c96c0113e9d3dd83d7",46,76,58,55,70,90,84,54,30,81,80,76,35,37,83,35,68,71,78,71,37,79,50,44,79,44,55,57,86,84,50,56,16,84,59,71,70,64,43,60,45,82,30,44,62,32,40,81,68,56,58,35,52,58,50,51,31,62,39,60,45,32,34,43,21,42,43,40,100,28,53,56,44,25,52,84,65,25,89,61,66,33,31,53,64,66,43,48,41,61,53,32,57,59,55,39,100,66,71,30,53,40,61,57,45,34,50,37,55,66,48,74,70,40,66,82,76,32,39,34,50,26,41,70,30,65,69,44,57,40,60,64,64,59,51,50,25,57,38,51,67,34,79,43,41,66,58,50,52,45
"135","5608a73fd7def20012b7389d",80,72,70,63,73,85,74,54,54,88,47,76,50,65,72,52,67,53,43,58,56,62,58,42,42,51,33,38,60,70,51,94,61,69,52,46,61,71,64,35,54,44,65,60,67,60,63,58,50,60,47,60,43,71,57,60,47,74,61,80,54,60,54,64,63,44,52,71,40,58,34,45,60,54,51,60,74,39,49,64,72,52,61,64,63,59,61,56,67,62,51,53,56,59,45,55,75,47,46,55,58,60,66,43,79,57,76,65,53,81,48,66,57,53,53,61,53,69,64,60,74,47,65,68,46,68,46,59,59,66,61,48,57,64,54,65,59,65,55,59,64,64,50,63,47,61,76,59,52,47
"136","615e1782e969d4939045c54f",50,50,62,52,63,66,58,50,67,63,56,54,52,54,49,46,50,51,51,55,52,67,55,40,51,52,56,49,52,48,53,54,62,54,64,48,53,55,54,58,53,50,54,60,53,74,59,52,49,76,59,68,54,61,64,64,48,54,56,54,51,66,53,63,59,46,52,50,51,52,41,42,32,45,52,48,68,40,40,54,60,52,64,54,63,35,60,62,53,61,51,50,49,62,50,49,49,35,50,50,51,51,51,48,66,53,54,61,48,52,48,49,51,62,52,50,30,52,58,50,50,59,48,53,63,61,50,49,55,48,58,49,57,48,59,49,48,49,51,64,55,56,56,50,50,60,59,60,44,50
"137","654569d2ff4ee55f7dc63895",37,60,70,34,49,80,50,90,70,80,15,65,70,21,20,65,73,40,35,45,75,15,50,40,62,38,20,50,35,30,35,75,55,20,83,50,39,60,80,30,95,89,80,36,40,80,70,60,30,40,19,32,50,70,70,30,80,30,41,73,20,70,56,49,90,70,42,30,60,65,42,21,30,70,37,24,35,36,30,38,80,61,90,30,40,62,90,81,70,65,20,36,79,80,36,55,20,70,70,20,55,90,39,70,60,57,60,55,71,77,70,49,60,60,55,80,25,20,60,90,55,60,30,50,40,39,70,55,60,52,32,42,83,71,56,60,20,80,31,80,30,57,58,30,80,80,80,55,45,70
"138","637e31794e63dcbc52047f13",99,70,84,77,99,81,81,69,89,100,100,76,64,47,88,100,87,99,76,42,98,43,86,47,59,100,43,59,98,76,76,100,99,73,100,61,63,100,68,72,63,61,100,42,99,81,84,95,67,59,45,60,79,99,100,99,78,70,87,100,100,100,90,100,84,79,67,80,88,98,80,67,43,61,88,100,97,61,54,91,66,100,100,68,60,98,89,93,98,74,83,85,86,89,76,67,86,72,77,100,70,90,83,84,97,100,90,98,100,88,74,76,83,72,32,100,65,67,96,72,93,76,73,73,89,52,82,100,97,70,47,60,64,77,64,80,53,100,72,76,100,46,93,83,79,100,100,99,67,75
"139","65710a3004878fbbb10a55ab",52,35,7,65,78,96,70,50,90,85,50,81,78,34,63,21,33,15,74,71,82,87,91,50,50,35,27,50,82,70,48,60,69,40,63,68,68,85,79,41,42,55,73,11,66,87,0,70,50,86,70,72,73,76,43,82,50,78,69,63,26,17,73,49,80,66,82,82,68,30,21,22,78,16,22,22,33,55,17,50,95,74,7,56,4,66,74,17,77,88,36,45,55,79,50,17,55,57,74,11,31,74,74,24,72,72,87,50,60,94,44,82,77,15,72,59,31,84,25,68,88,87,24,75,50,88,36,75,66,66,5,49,62,67,14,75,41,74,23,91,50,93,58,79,20,19,79,71,20,27
"140","6509bd2dd6e135ced062c241",97,83,65,90,42,99,87,86,66,53,96,75,89,92,32,84,86,98,47,49,100,89,85,51,91,51,94,70,92,65,86,100,83,56,94,56,69,90,91,33,58,87,98,74,92,50,82,71,48,96,99,47,60,78,92,64,44,35,61,99,76,97,50,92,63,47,82,55,44,77,55,49,36,48,75,47,54,46,40,32,99,55,86,57,70,73,57,68,90,94,48,34,53,73,29,53,89,62,100,43,50,46,30,62,87,68,83,67,81,86,54,82,38,47,97,87,36,98,79,52,47,37,45,47,23,99,83,79,76,54,65,40,45,85,50,78,59,88,24,59,31,97,81,28,77,85,100,73,55,45
"141","5f8b3c348183d30f91832a2b",61,63,56,72,38,87,49,67,75,72,74,61,56,86,70,72,63,23,75,64,77,88,91,56,62,57,64,75,31,72,39,69,51,62,80,47,26,60,76,61,68,63,53,63,72,75,60,56,56,57,70,73,68,72,62,67,59,47,16,40,42,61,63,69,73,57,31,83,67,62,46,35,4,54,50,41,57,36,9,62,79,65,54,62,76,53,74,56,77,81,32,59,82,90,34,77,76,57,63,24,70,55,68,63,69,66,66,61,72,90,65,74,62,48,84,49,65,71,73,80,80,44,15,74,54,72,51,60,56,80,76,64,82,75,70,50,71,70,35,91,65,75,59,56,63,48,49,71,72,64
"142","6365ab361b71daa9f0eed7bd",54,55,54,78,64,77,75,50,76,85,58,73,62,76,60,67,79,74,69,71,81,51,68,70,67,71,76,79,66,64,66,65,85,56,82,60,70,63,57,80,54,64,66,77,78,83,61,48,61,68,61,68,66,70,78,77,52,55,52,73,54,60,75,85,72,53,50,53,58,64,47,44,60,48,73,61,73,62,62,73,60,78,74,62,58,81,82,60,69,83,60,64,81,89,66,73,60,73,57,63,52,74,61,56,76,65,70,59,52,79,72,60,73,71,61,67,52,77,81,71,77,72,55,73,55,78,64,64,63,66,87,69,68,87,74,88,55,71,58,82,75,85,55,64,51,63,73,73,67,61
"143","5afa19a4f856320001cf920f",75,91,90,79,98,97,98,86,77,88,83,97,79,98,75,81,90,75,80,75,91,77,93,75,76,84,75,85,77,94,76,93,76,86,88,83,82,93,94,94,78,98,94,95,84,78,87,84,80,78,75,75,81,93,83,90,87,85,86,85,97,88,91,85,94,89,77,92,83,81,79,75,75,77,80,75,75,79,75,75,85,75,85,84,91,77,75,80,83,76,77,78,91,81,79,79,88,76,85,82,75,81,85,84,91,91,80,88,84,97,81,90,91,87,75,90,85,88,91,79,87,88,88,89,82,86,90,86,85,94,90,81,89,83,83,90,75,80,83,82,78,87,85,82,88,90,85,96,79,84
